Event Index,UTC Timestamp,UTC Date,Local Timestamp,Local Timezone,Local Date,Experiment ID,Experiment Version,Tree Node Key,Repeat Key,Schedule ID,Participant Public ID,Participant Private ID,Participant Starting Group,Participant Status,Participant Completion Code,Participant External Session ID,Participant Device Type,Participant Device,Participant OS,Participant Browser,Participant Monitor Size,Participant Viewport Size,Checkpoint,Task Name,Task Version,branch-fh7p,branch-inb7,order-l841,order-bvi9,randomiser-s4k1,branch-lfp6,order-svai,branch-8j67,order-md2h,Spreadsheet,Spreadsheet Name,Spreadsheet Row,Trial Number,Screen Number,Screen Name,Zone Name,Zone Type,Reaction Time,Reaction Onset,Response Type,Response,Attempt,Correct,Incorrect,Dishonest,X Coordinate,Y Coordinate,Timed Out,randomise_blocks,randomise_trials,display,Audio_Filename,Same_Different,text,embedded,Attend_Condition,Present_Absent,Absent_Present,Length,Pause,Sequence Pause,Sequence_Names,Switch_Names,Stim_Ind,Stim_Name,Non_attend_dim
1,1680893470859,07/04/2023 18:51:10,1680893307650,-4,07/04/2023 14:48:27,127771,4,task-75vj,,28738738,BLIND,8554460,,complete,,,computer,Desktop or Laptop,Windows 10,Chrome 111.0.0.0,1920x1200,1920x1057,,Perceptual Organization Pilot - Audio,78,,,,,SD-AP,Practice Good,AB,Practice Bad,AB,V4-AP-practice1,,,BEGIN TASK,,,,,,,,,,0,1,0,,,,,,,,,,,,,,,,,,,,,
2,1680893472458,07/04/2023 18:51:12,1680893309323,-4,07/04/2023 14:48:29,127771,4,task-75vj,,28738738,BLIND,8554460,,complete,,,computer,Desktop or Laptop,Windows 10,Chrome 111.0.0.0,1920x1200,1920x1057,,Perceptual Organization Pilot - Audio,78,,,,,SD-AP,Practice Good,AB,Practice Bad,AB,V4-AP-practice1,V4-AP-practice1,1,1,1,Screen 1,advancementZone,continue_button,1642.5,,,,,0,1,0,,,,,,text,,,"<p style=""font-size: 32px;""> In this final practice section, you will hear a sequence of syllables with different pitches, a pause, then a single syllable. Your task is to determine whether the PITCH itself was present or absent from the sequence. </p>",,,,,,,,,,,,
3,1680893472589,07/04/2023 18:51:12,1680893309329,-4,07/04/2023 14:48:29,127771,4,task-75vj,,28738738,BLIND,8554460,,complete,,,computer,Desktop or Laptop,Windows 10,Chrome 111.0.0.0,1920x1200,1920x1057,,Perceptual Organization Pilot - Audio,78,,,,,SD-AP,Practice Good,AB,Practice Bad,AB,V4-AP-practice1,V4-AP-practice1,3,1,1,Screen 1,Zone1,content_web_audio,0.29999999701976776,,,AUDIO PLAY REQUESTED,1,0,1,0,,,,,1,task-ap-feedback,Block_5_male_1speaker_present_pitch_6_serial_0_1fixed_prac.wav,,,prac_corr,### pitch,,present,6,10,2000,"['AP_boo-changeduration_Stretch__0_4-changepitchmedian_100__0-changesemitones_4.wav'
 'AP_boo-changeduration_Stretch__0_4-changepitchmedian_100__0-changesemitones_-16.wav'
 'AP_boo-changeduration_Stretch__0_4-changepitchmedian_100__0.wav'
 'AP_boo-changeduration_Stretch__0_4-changepitchmedian_100__0-changesemitones_-12.wav'
 'AP_boo-changeduration_Stretch__0_4-changepitchmedian_100__0-changesemitones_-8.wav'
 'AP_boo-changeduration_Stretch__0_4-changepitchmedian_100__0-changesemitones_-4.wav']",AP_boo-changeduration_Stretch__0_4-changepitchmedian_100__0-changesemitones_4.wav,0,,fixed
4,1680893477311,07/04/2023 18:51:17,1680893314180,-4,07/04/2023 14:48:34,127771,4,task-75vj,,28738738,BLIND,8554460,,complete,,,computer,Desktop or Laptop,Windows 10,Chrome 111.0.0.0,1920x1200,1920x1057,,Perceptual Organization Pilot - Audio,78,,,,,SD-AP,Practice Good,AB,Practice Bad,AB,V4-AP-practice1,V4-AP-practice1,3,1,1,Screen 1,Zone1,content_web_audio,4850.5,,,,,0,1,0,,,,,1,task-ap-feedback,Block_5_male_1speaker_present_pitch_6_serial_0_1fixed_prac.wav,,,prac_corr,### pitch,,present,6,10,2000,"['AP_boo-changeduration_Stretch__0_4-changepitchmedian_100__0-changesemitones_4.wav'
 'AP_boo-changeduration_Stretch__0_4-changepitchmedian_100__0-changesemitones_-16.wav'
 'AP_boo-changeduration_Stretch__0_4-changepitchmedian_100__0.wav'
 'AP_boo-changeduration_Stretch__0_4-changepitchmedian_100__0-changesemitones_-12.wav'
 'AP_boo-changeduration_Stretch__0_4-changepitchmedian_100__0-changesemitones_-8.wav'
 'AP_boo-changeduration_Stretch__0_4-changepitchmedian_100__0-changesemitones_-4.wav']",AP_boo-changeduration_Stretch__0_4-changepitchmedian_100__0-changesemitones_4.wav,0,,fixed
5,1680893478531,07/04/2023 18:51:18,1680893315397,-4,07/04/2023 14:48:35,127771,4,task-75vj,,28738738,BLIND,8554460,,complete,,,computer,Desktop or Laptop,Windows 10,Chrome 111.0.0.0,1920x1200,1920x1057,,Perceptual Organization Pilot - Audio,78,,,,,SD-AP,Practice Good,AB,Practice Bad,AB,V4-AP-practice1,V4-AP-practice1,3,1,2,Screen 2,buttonA,response_button_text,1202.7999999970198,,,present,1,1,0,0,,,,,1,task-ap-feedback,Block_5_male_1speaker_present_pitch_6_serial_0_1fixed_prac.wav,,,prac_corr,### pitch,,present,6,10,2000,"['AP_boo-changeduration_Stretch__0_4-changepitchmedian_100__0-changesemitones_4.wav'
 'AP_boo-changeduration_Stretch__0_4-changepitchmedian_100__0-changesemitones_-16.wav'
 'AP_boo-changeduration_Stretch__0_4-changepitchmedian_100__0.wav'
 'AP_boo-changeduration_Stretch__0_4-changepitchmedian_100__0-changesemitones_-12.wav'
 'AP_boo-changeduration_Stretch__0_4-changepitchmedian_100__0-changesemitones_-8.wav'
 'AP_boo-changeduration_Stretch__0_4-changepitchmedian_100__0-changesemitones_-4.wav']",AP_boo-changeduration_Stretch__0_4-changepitchmedian_100__0-changesemitones_4.wav,0,,fixed
6,1680893479046,07/04/2023 18:51:19,1680893315890,-4,07/04/2023 14:48:35,127771,4,task-75vj,,28738738,BLIND,8554460,,complete,,,computer,Desktop or Laptop,Windows 10,Chrome 111.0.0.0,1920x1200,1920x1057,,Perceptual Organization Pilot - Audio,78,,,,,SD-AP,Practice Good,AB,Practice Bad,AB,V4-AP-practice1,V4-AP-practice1,2,2,1,Screen 1,Zone1,content_web_audio,0.29999999701976776,,,AUDIO PLAY REQUESTED,1,0,1,0,,,,,1,task-ap-feedback,Block_5_female_1speaker_absent_pitch_6_serial_4_1fixed_prac.wav,,,prac_corr,### pitch,,absent,6,10,2000,"['AI_da-changeduration_Stretch__0_4-changepitchmedian_200__0-changesemitones_8.wav'
 'AI_da-changeduration_Stretch__0_4-changepitchmedian_200__0-changesemitones_16.wav'
 'AI_da-changeduration_Stretch__0_4-changepitchmedian_200__0-changesemitones_-8.wav'
 'AI_da-changeduration_Stretch__0_4-changepitchmedian_200__0-changesemitones_-12.wav'
 'AI_da-changeduration_Stretch__0_4-changepitchmedian_200__0-changesemitones_-4.wav'
 'AI_da-changeduration_Stretch__0_4-changepitchmedian_200__0-changesemitones_12.wav']",AI_da-changeduration_Stretch__0_4-changepitchmedian_200__0-changesemitones_4.wav,4,,fixed
7,1680893483876,07/04/2023 18:51:23,1680893320741,-4,07/04/2023 14:48:40,127771,4,task-75vj,,28738738,BLIND,8554460,,complete,,,computer,Desktop or Laptop,Windows 10,Chrome 111.0.0.0,1920x1200,1920x1057,,Perceptual Organization Pilot - Audio,78,,,,,SD-AP,Practice Good,AB,Practice Bad,AB,V4-AP-practice1,V4-AP-practice1,2,2,1,Screen 1,Zone1,content_web_audio,4850.699999988079,,,,,0,1,0,,,,,1,task-ap-feedback,Block_5_female_1speaker_absent_pitch_6_serial_4_1fixed_prac.wav,,,prac_corr,### pitch,,absent,6,10,2000,"['AI_da-changeduration_Stretch__0_4-changepitchmedian_200__0-changesemitones_8.wav'
 'AI_da-changeduration_Stretch__0_4-changepitchmedian_200__0-changesemitones_16.wav'
 'AI_da-changeduration_Stretch__0_4-changepitchmedian_200__0-changesemitones_-8.wav'
 'AI_da-changeduration_Stretch__0_4-changepitchmedian_200__0-changesemitones_-12.wav'
 'AI_da-changeduration_Stretch__0_4-changepitchmedian_200__0-changesemitones_-4.wav'
 'AI_da-changeduration_Stretch__0_4-changepitchmedian_200__0-changesemitones_12.wav']",AI_da-changeduration_Stretch__0_4-changepitchmedian_200__0-changesemitones_4.wav,4,,fixed
8,1680893484709,07/04/2023 18:51:24,1680893321573,-4,07/04/2023 14:48:41,127771,4,task-75vj,,28738738,BLIND,8554460,,complete,,,computer,Desktop or Laptop,Windows 10,Chrome 111.0.0.0,1920x1200,1920x1057,,Perceptual Organization Pilot - Audio,78,,,,,SD-AP,Practice Good,AB,Practice Bad,AB,V4-AP-practice1,V4-AP-practice1,2,2,2,Screen 2,buttonA,response_button_text,821.9000000059605,,,present,1,0,1,0,,,,,1,task-ap-feedback,Block_5_female_1speaker_absent_pitch_6_serial_4_1fixed_prac.wav,,,prac_corr,### pitch,,absent,6,10,2000,"['AI_da-changeduration_Stretch__0_4-changepitchmedian_200__0-changesemitones_8.wav'
 'AI_da-changeduration_Stretch__0_4-changepitchmedian_200__0-changesemitones_16.wav'
 'AI_da-changeduration_Stretch__0_4-changepitchmedian_200__0-changesemitones_-8.wav'
 'AI_da-changeduration_Stretch__0_4-changepitchmedian_200__0-changesemitones_-12.wav'
 'AI_da-changeduration_Stretch__0_4-changepitchmedian_200__0-changesemitones_-4.wav'
 'AI_da-changeduration_Stretch__0_4-changepitchmedian_200__0-changesemitones_12.wav']",AI_da-changeduration_Stretch__0_4-changepitchmedian_200__0-changesemitones_4.wav,4,,fixed
9,1680893485197,07/04/2023 18:51:25,1680893322065,-4,07/04/2023 14:48:42,127771,4,task-75vj,,28738738,BLIND,8554460,,complete,,,computer,Desktop or Laptop,Windows 10,Chrome 111.0.0.0,1920x1200,1920x1057,,Perceptual Organization Pilot - Audio,78,,,,,SD-AP,Practice Good,AB,Practice Bad,AB,V4-AP-practice1,V4-AP-practice1,4,3,1,Screen 1,Zone1,content_web_audio,0.19999998807907104,,,AUDIO PLAY REQUESTED,1,0,1,0,,,,,1,task-ap-feedback,Block_5_female_1speaker_absent_pitch_6_serial_1_1rand_prac.wav,,,prac_corr,### pitch,,absent,6,10,2000,"['AI_doo-changeduration_Stretch__0_4-changepitchmedian_200__0-changesemitones_-4.wav'
 'AI_da-changeduration_Stretch__0_4-changepitchmedian_200__0.wav'
 'AI_gee-changeduration_Stretch__0_4-changepitchmedian_200__0-changesemitones_-16.wav'
 'AI_ba-changeduration_Stretch__0_4-changepitchmedian_200__0-changesemitones_8.wav'
 'AI_ga-changeduration_Stretch__0_4-changepitchmedian_200__0-changesemitones_4.wav'
 'AI_goo-changeduration_Stretch__0_4-changepitchmedian_200__0-changesemitones_12.wav']",AI_boo-changeduration_Stretch__0_4-changepitchmedian_200__0-changesemitones_-8.wav,1,,rand
10,1680893490058,07/04/2023 18:51:30,1680893326917,-4,07/04/2023 14:48:46,127771,4,task-75vj,,28738738,BLIND,8554460,,complete,,,computer,Desktop or Laptop,Windows 10,Chrome 111.0.0.0,1920x1200,1920x1057,,Perceptual Organization Pilot - Audio,78,,,,,SD-AP,Practice Good,AB,Practice Bad,AB,V4-AP-practice1,V4-AP-practice1,4,3,1,Screen 1,Zone1,content_web_audio,4851.199999988079,,,,,0,1,0,,,,,1,task-ap-feedback,Block_5_female_1speaker_absent_pitch_6_serial_1_1rand_prac.wav,,,prac_corr,### pitch,,absent,6,10,2000,"['AI_doo-changeduration_Stretch__0_4-changepitchmedian_200__0-changesemitones_-4.wav'
 'AI_da-changeduration_Stretch__0_4-changepitchmedian_200__0.wav'
 'AI_gee-changeduration_Stretch__0_4-changepitchmedian_200__0-changesemitones_-16.wav'
 'AI_ba-changeduration_Stretch__0_4-changepitchmedian_200__0-changesemitones_8.wav'
 'AI_ga-changeduration_Stretch__0_4-changepitchmedian_200__0-changesemitones_4.wav'
 'AI_goo-changeduration_Stretch__0_4-changepitchmedian_200__0-changesemitones_12.wav']",AI_boo-changeduration_Stretch__0_4-changepitchmedian_200__0-changesemitones_-8.wav,1,,rand
11,1680893491124,07/04/2023 18:51:31,1680893327997,-4,07/04/2023 14:48:47,127771,4,task-75vj,,28738738,BLIND,8554460,,complete,,,computer,Desktop or Laptop,Windows 10,Chrome 111.0.0.0,1920x1200,1920x1057,,Perceptual Organization Pilot - Audio,78,,,,,SD-AP,Practice Good,AB,Practice Bad,AB,V4-AP-practice1,V4-AP-practice1,4,3,2,Screen 2,buttonA,response_button_text,1057.5,,,present,1,0,1,0,,,,,1,task-ap-feedback,Block_5_female_1speaker_absent_pitch_6_serial_1_1rand_prac.wav,,,prac_corr,### pitch,,absent,6,10,2000,"['AI_doo-changeduration_Stretch__0_4-changepitchmedian_200__0-changesemitones_-4.wav'
 'AI_da-changeduration_Stretch__0_4-changepitchmedian_200__0.wav'
 'AI_gee-changeduration_Stretch__0_4-changepitchmedian_200__0-changesemitones_-16.wav'
 'AI_ba-changeduration_Stretch__0_4-changepitchmedian_200__0-changesemitones_8.wav'
 'AI_ga-changeduration_Stretch__0_4-changepitchmedian_200__0-changesemitones_4.wav'
 'AI_goo-changeduration_Stretch__0_4-changepitchmedian_200__0-changesemitones_12.wav']",AI_boo-changeduration_Stretch__0_4-changepitchmedian_200__0-changesemitones_-8.wav,1,,rand
12,1680893491622,07/04/2023 18:51:31,1680893328487,-4,07/04/2023 14:48:48,127771,4,task-75vj,,28738738,BLIND,8554460,,complete,,,computer,Desktop or Laptop,Windows 10,Chrome 111.0.0.0,1920x1200,1920x1057,,Perceptual Organization Pilot - Audio,78,,,,,SD-AP,Practice Good,AB,Practice Bad,AB,V4-AP-practice1,V4-AP-practice1,5,4,1,Screen 1,Zone1,content_web_audio,0.30000001192092896,,,AUDIO PLAY REQUESTED,1,0,1,0,,,,,1,task-ap-feedback,Block_5_male_1speaker_absent_pitch_6_serial_2_1rand_prac.wav,,,prac_corr,### pitch,,absent,6,10,2000,"['AP_gee-changeduration_Stretch__0_4-changepitchmedian_100__0-changesemitones_-8.wav'
 'AP_da-changeduration_Stretch__0_4-changepitchmedian_100__0-changesemitones_12.wav'
 'AP_goo-changeduration_Stretch__0_4-changepitchmedian_100__0-changesemitones_-16.wav'
 'AP_bee-changeduration_Stretch__0_4-changepitchmedian_100__0-changesemitones_-12.wav'
 'AP_boo-changeduration_Stretch__0_4-changepitchmedian_100__0-changesemitones_-4.wav'
 'AP_doo-changeduration_Stretch__0_4-changepitchmedian_100__0-changesemitones_4.wav']",AP_dee-changeduration_Stretch__0_4-changepitchmedian_100__0-changesemitones_16.wav,2,,rand
13,1680893496478,07/04/2023 18:51:36,1680893333339,-4,07/04/2023 14:48:53,127771,4,task-75vj,,28738738,BLIND,8554460,,complete,,,computer,Desktop or Laptop,Windows 10,Chrome 111.0.0.0,1920x1200,1920x1057,,Perceptual Organization Pilot - Audio,78,,,,,SD-AP,Practice Good,AB,Practice Bad,AB,V4-AP-practice1,V4-AP-practice1,5,4,1,Screen 1,Zone1,content_web_audio,4852.20000000298,,,,,0,1,0,,,,,1,task-ap-feedback,Block_5_male_1speaker_absent_pitch_6_serial_2_1rand_prac.wav,,,prac_corr,### pitch,,absent,6,10,2000,"['AP_gee-changeduration_Stretch__0_4-changepitchmedian_100__0-changesemitones_-8.wav'
 'AP_da-changeduration_Stretch__0_4-changepitchmedian_100__0-changesemitones_12.wav'
 'AP_goo-changeduration_Stretch__0_4-changepitchmedian_100__0-changesemitones_-16.wav'
 'AP_bee-changeduration_Stretch__0_4-changepitchmedian_100__0-changesemitones_-12.wav'
 'AP_boo-changeduration_Stretch__0_4-changepitchmedian_100__0-changesemitones_-4.wav'
 'AP_doo-changeduration_Stretch__0_4-changepitchmedian_100__0-changesemitones_4.wav']",AP_dee-changeduration_Stretch__0_4-changepitchmedian_100__0-changesemitones_16.wav,2,,rand
14,1680893497451,07/04/2023 18:51:37,1680893334317,-4,07/04/2023 14:48:54,127771,4,task-75vj,,28738738,BLIND,8554460,,complete,,,computer,Desktop or Laptop,Windows 10,Chrome 111.0.0.0,1920x1200,1920x1057,,Perceptual Organization Pilot - Audio,78,,,,,SD-AP,Practice Good,AB,Practice Bad,AB,V4-AP-practice1,V4-AP-practice1,5,4,2,Screen 2,buttonB,response_button_text,966.9000000059605,,,absent,1,1,0,0,,,,,1,task-ap-feedback,Block_5_male_1speaker_absent_pitch_6_serial_2_1rand_prac.wav,,,prac_corr,### pitch,,absent,6,10,2000,"['AP_gee-changeduration_Stretch__0_4-changepitchmedian_100__0-changesemitones_-8.wav'
 'AP_da-changeduration_Stretch__0_4-changepitchmedian_100__0-changesemitones_12.wav'
 'AP_goo-changeduration_Stretch__0_4-changepitchmedian_100__0-changesemitones_-16.wav'
 'AP_bee-changeduration_Stretch__0_4-changepitchmedian_100__0-changesemitones_-12.wav'
 'AP_boo-changeduration_Stretch__0_4-changepitchmedian_100__0-changesemitones_-4.wav'
 'AP_doo-changeduration_Stretch__0_4-changepitchmedian_100__0-changesemitones_4.wav']",AP_dee-changeduration_Stretch__0_4-changepitchmedian_100__0-changesemitones_16.wav,2,,rand
15,1680893505268,07/04/2023 18:51:45,1680893342138,-4,07/04/2023 14:49:02,127771,4,task-75vj,,28738738,BLIND,8554460,,complete,,,computer,Desktop or Laptop,Windows 10,Chrome 111.0.0.0,1920x1200,1920x1057,,Perceptual Organization Pilot - Audio,78,,,,,SD-AP,Practice Good,AB,Practice Bad,AB,V4-AP-practice1,V4-AP-practice1,6,2,1,Screen 1,advancementZone,continue_button,7319.4000000059605,,,,,0,1,0,,,,,,text,,,"<p style=""font-size: 32px;""> In this final practice section, you will hear a sequence of syllables with different pitches, a pause, then a single syllable. Your task is to determine whether the SYLLABLE itself was present or absent from the sequence. </p>",,,,,,,,,,,,
16,1680893505385,07/04/2023 18:51:45,1680893342146,-4,07/04/2023 14:49:02,127771,4,task-75vj,,28738738,BLIND,8554460,,complete,,,computer,Desktop or Laptop,Windows 10,Chrome 111.0.0.0,1920x1200,1920x1057,,Perceptual Organization Pilot - Audio,78,,,,,SD-AP,Practice Good,AB,Practice Bad,AB,V4-AP-practice1,V4-AP-practice1,8,5,1,Screen 1,Zone1,content_web_audio,0.29999999701976776,,,AUDIO PLAY REQUESTED,1,0,1,0,,,,,2,task-ap-feedback,Block_5_male_1speaker_absent_word_6_serial_1_1fixed_prac.wav,,,prac_corr,### word,,absent,6,10,2000,"['AP_doo-changeduration_Stretch__0_4-changepitchmedian_100__0-changesemitones_12.wav'
 'AP_gee-changeduration_Stretch__0_4-changepitchmedian_100__0-changesemitones_12.wav'
 'AP_boo-changeduration_Stretch__0_4-changepitchmedian_100__0-changesemitones_12.wav'
 'AP_bee-changeduration_Stretch__0_4-changepitchmedian_100__0-changesemitones_12.wav'
 'AP_goo-changeduration_Stretch__0_4-changepitchmedian_100__0-changesemitones_12.wav'
 'AP_da-changeduration_Stretch__0_4-changepitchmedian_100__0-changesemitones_12.wav']",AP_ba-changeduration_Stretch__0_4-changepitchmedian_100__0-changesemitones_12.wav,1,,fixed
17,1680893510138,07/04/2023 18:51:50,1680893346996,-4,07/04/2023 14:49:06,127771,4,task-75vj,,28738738,BLIND,8554460,,complete,,,computer,Desktop or Laptop,Windows 10,Chrome 111.0.0.0,1920x1200,1920x1057,,Perceptual Organization Pilot - Audio,78,,,,,SD-AP,Practice Good,AB,Practice Bad,AB,V4-AP-practice1,V4-AP-practice1,8,5,1,Screen 1,Zone1,content_web_audio,4850.0999999940395,,,,,0,1,0,,,,,2,task-ap-feedback,Block_5_male_1speaker_absent_word_6_serial_1_1fixed_prac.wav,,,prac_corr,### word,,absent,6,10,2000,"['AP_doo-changeduration_Stretch__0_4-changepitchmedian_100__0-changesemitones_12.wav'
 'AP_gee-changeduration_Stretch__0_4-changepitchmedian_100__0-changesemitones_12.wav'
 'AP_boo-changeduration_Stretch__0_4-changepitchmedian_100__0-changesemitones_12.wav'
 'AP_bee-changeduration_Stretch__0_4-changepitchmedian_100__0-changesemitones_12.wav'
 'AP_goo-changeduration_Stretch__0_4-changepitchmedian_100__0-changesemitones_12.wav'
 'AP_da-changeduration_Stretch__0_4-changepitchmedian_100__0-changesemitones_12.wav']",AP_ba-changeduration_Stretch__0_4-changepitchmedian_100__0-changesemitones_12.wav,1,,fixed
18,1680893511186,07/04/2023 18:51:51,1680893348052,-4,07/04/2023 14:49:08,127771,4,task-75vj,,28738738,BLIND,8554460,,complete,,,computer,Desktop or Laptop,Windows 10,Chrome 111.0.0.0,1920x1200,1920x1057,,Perceptual Organization Pilot - Audio,78,,,,,SD-AP,Practice Good,AB,Practice Bad,AB,V4-AP-practice1,V4-AP-practice1,8,5,2,Screen 2,buttonA,response_button_text,1040.6000000089407,,,present,1,0,1,0,,,,,2,task-ap-feedback,Block_5_male_1speaker_absent_word_6_serial_1_1fixed_prac.wav,,,prac_corr,### word,,absent,6,10,2000,"['AP_doo-changeduration_Stretch__0_4-changepitchmedian_100__0-changesemitones_12.wav'
 'AP_gee-changeduration_Stretch__0_4-changepitchmedian_100__0-changesemitones_12.wav'
 'AP_boo-changeduration_Stretch__0_4-changepitchmedian_100__0-changesemitones_12.wav'
 'AP_bee-changeduration_Stretch__0_4-changepitchmedian_100__0-changesemitones_12.wav'
 'AP_goo-changeduration_Stretch__0_4-changepitchmedian_100__0-changesemitones_12.wav'
 'AP_da-changeduration_Stretch__0_4-changepitchmedian_100__0-changesemitones_12.wav']",AP_ba-changeduration_Stretch__0_4-changepitchmedian_100__0-changesemitones_12.wav,1,,fixed
19,1680893511702,07/04/2023 18:51:51,1680893348567,-4,07/04/2023 14:49:08,127771,4,task-75vj,,28738738,BLIND,8554460,,complete,,,computer,Desktop or Laptop,Windows 10,Chrome 111.0.0.0,1920x1200,1920x1057,,Perceptual Organization Pilot - Audio,78,,,,,SD-AP,Practice Good,AB,Practice Bad,AB,V4-AP-practice1,V4-AP-practice1,7,6,1,Screen 1,Zone1,content_web_audio,0.5999999940395355,,,AUDIO PLAY REQUESTED,1,0,1,0,,,,,2,task-ap-feedback,Block_5_female_1speaker_present_word_6_serial_1_1fixed_prac.wav,,,prac_corr,### word,,present,6,10,2000,"['AI_boo-changeduration_Stretch__0_4-changepitchmedian_200__0-changesemitones_-16.wav'
 'AI_ba-changeduration_Stretch__0_4-changepitchmedian_200__0-changesemitones_-16.wav'
 'AI_da-changeduration_Stretch__0_4-changepitchmedian_200__0-changesemitones_-16.wav'
 'AI_gee-changeduration_Stretch__0_4-changepitchmedian_200__0-changesemitones_-16.wav'
 'AI_ga-changeduration_Stretch__0_4-changepitchmedian_200__0-changesemitones_-16.wav'
 'AI_bee-changeduration_Stretch__0_4-changepitchmedian_200__0-changesemitones_-16.wav']",AI_ba-changeduration_Stretch__0_4-changepitchmedian_200__0-changesemitones_-16.wav,1,,fixed
20,1680893516563,07/04/2023 18:51:56,1680893353419,-4,07/04/2023 14:49:13,127771,4,task-75vj,,28738738,BLIND,8554460,,complete,,,computer,Desktop or Laptop,Windows 10,Chrome 111.0.0.0,1920x1200,1920x1057,,Perceptual Organization Pilot - Audio,78,,,,,SD-AP,Practice Good,AB,Practice Bad,AB,V4-AP-practice1,V4-AP-practice1,7,6,1,Screen 1,Zone1,content_web_audio,4852,,,,,0,1,0,,,,,2,task-ap-feedback,Block_5_female_1speaker_present_word_6_serial_1_1fixed_prac.wav,,,prac_corr,### word,,present,6,10,2000,"['AI_boo-changeduration_Stretch__0_4-changepitchmedian_200__0-changesemitones_-16.wav'
 'AI_ba-changeduration_Stretch__0_4-changepitchmedian_200__0-changesemitones_-16.wav'
 'AI_da-changeduration_Stretch__0_4-changepitchmedian_200__0-changesemitones_-16.wav'
 'AI_gee-changeduration_Stretch__0_4-changepitchmedian_200__0-changesemitones_-16.wav'
 'AI_ga-changeduration_Stretch__0_4-changepitchmedian_200__0-changesemitones_-16.wav'
 'AI_bee-changeduration_Stretch__0_4-changepitchmedian_200__0-changesemitones_-16.wav']",AI_ba-changeduration_Stretch__0_4-changepitchmedian_200__0-changesemitones_-16.wav,1,,fixed
21,1680893517401,07/04/2023 18:51:57,1680893354269,-4,07/04/2023 14:49:14,127771,4,task-75vj,,28738738,BLIND,8554460,,complete,,,computer,Desktop or Laptop,Windows 10,Chrome 111.0.0.0,1920x1200,1920x1057,,Perceptual Organization Pilot - Audio,78,,,,,SD-AP,Practice Good,AB,Practice Bad,AB,V4-AP-practice1,V4-AP-practice1,7,6,2,Screen 2,buttonA,response_button_text,827.5999999940395,,,present,1,1,0,0,,,,,2,task-ap-feedback,Block_5_female_1speaker_present_word_6_serial_1_1fixed_prac.wav,,,prac_corr,### word,,present,6,10,2000,"['AI_boo-changeduration_Stretch__0_4-changepitchmedian_200__0-changesemitones_-16.wav'
 'AI_ba-changeduration_Stretch__0_4-changepitchmedian_200__0-changesemitones_-16.wav'
 'AI_da-changeduration_Stretch__0_4-changepitchmedian_200__0-changesemitones_-16.wav'
 'AI_gee-changeduration_Stretch__0_4-changepitchmedian_200__0-changesemitones_-16.wav'
 'AI_ga-changeduration_Stretch__0_4-changepitchmedian_200__0-changesemitones_-16.wav'
 'AI_bee-changeduration_Stretch__0_4-changepitchmedian_200__0-changesemitones_-16.wav']",AI_ba-changeduration_Stretch__0_4-changepitchmedian_200__0-changesemitones_-16.wav,1,,fixed
22,1680893517900,07/04/2023 18:51:57,1680893354763,-4,07/04/2023 14:49:14,127771,4,task-75vj,,28738738,BLIND,8554460,,complete,,,computer,Desktop or Laptop,Windows 10,Chrome 111.0.0.0,1920x1200,1920x1057,,Perceptual Organization Pilot - Audio,78,,,,,SD-AP,Practice Good,AB,Practice Bad,AB,V4-AP-practice1,V4-AP-practice1,10,7,1,Screen 1,Zone1,content_web_audio,0.7000000029802322,,,AUDIO PLAY REQUESTED,1,0,1,0,,,,,2,task-ap-feedback,Block_5_male_1speaker_absent_word_6_serial_1_1rand_prac.wav,,,prac_corr,### word,,absent,6,10,2000,"['AP_goo-changeduration_Stretch__0_4-changepitchmedian_100__0-changesemitones_4.wav'
 'AP_ba-changeduration_Stretch__0_4-changepitchmedian_100__0-changesemitones_8.wav'
 'AP_doo-changeduration_Stretch__0_4-changepitchmedian_100__0-changesemitones_16.wav'
 'AP_boo-changeduration_Stretch__0_4-changepitchmedian_100__0-changesemitones_-12.wav'
 'AP_dee-changeduration_Stretch__0_4-changepitchmedian_100__0-changesemitones_12.wav'
 'AP_ga-changeduration_Stretch__0_4-changepitchmedian_100__0-changesemitones_-4.wav']",AP_gee-changeduration_Stretch__0_4-changepitchmedian_100__0-changesemitones_-16.wav,1,,rand
23,1680893522750,07/04/2023 18:52:02,1680893359616,-4,07/04/2023 14:49:19,127771,4,task-75vj,,28738738,BLIND,8554460,,complete,,,computer,Desktop or Laptop,Windows 10,Chrome 111.0.0.0,1920x1200,1920x1057,,Perceptual Organization Pilot - Audio,78,,,,,SD-AP,Practice Good,AB,Practice Bad,AB,V4-AP-practice1,V4-AP-practice1,10,7,1,Screen 1,Zone1,content_web_audio,4852.9000000059605,,,,,0,1,0,,,,,2,task-ap-feedback,Block_5_male_1speaker_absent_word_6_serial_1_1rand_prac.wav,,,prac_corr,### word,,absent,6,10,2000,"['AP_goo-changeduration_Stretch__0_4-changepitchmedian_100__0-changesemitones_4.wav'
 'AP_ba-changeduration_Stretch__0_4-changepitchmedian_100__0-changesemitones_8.wav'
 'AP_doo-changeduration_Stretch__0_4-changepitchmedian_100__0-changesemitones_16.wav'
 'AP_boo-changeduration_Stretch__0_4-changepitchmedian_100__0-changesemitones_-12.wav'
 'AP_dee-changeduration_Stretch__0_4-changepitchmedian_100__0-changesemitones_12.wav'
 'AP_ga-changeduration_Stretch__0_4-changepitchmedian_100__0-changesemitones_-4.wav']",AP_gee-changeduration_Stretch__0_4-changepitchmedian_100__0-changesemitones_-16.wav,1,,rand
24,1680893523779,07/04/2023 18:52:03,1680893360645,-4,07/04/2023 14:49:20,127771,4,task-75vj,,28738738,BLIND,8554460,,complete,,,computer,Desktop or Laptop,Windows 10,Chrome 111.0.0.0,1920x1200,1920x1057,,Perceptual Organization Pilot - Audio,78,,,,,SD-AP,Practice Good,AB,Practice Bad,AB,V4-AP-practice1,V4-AP-practice1,10,7,2,Screen 2,buttonA,response_button_text,1006.3999999910593,,,present,1,0,1,0,,,,,2,task-ap-feedback,Block_5_male_1speaker_absent_word_6_serial_1_1rand_prac.wav,,,prac_corr,### word,,absent,6,10,2000,"['AP_goo-changeduration_Stretch__0_4-changepitchmedian_100__0-changesemitones_4.wav'
 'AP_ba-changeduration_Stretch__0_4-changepitchmedian_100__0-changesemitones_8.wav'
 'AP_doo-changeduration_Stretch__0_4-changepitchmedian_100__0-changesemitones_16.wav'
 'AP_boo-changeduration_Stretch__0_4-changepitchmedian_100__0-changesemitones_-12.wav'
 'AP_dee-changeduration_Stretch__0_4-changepitchmedian_100__0-changesemitones_12.wav'
 'AP_ga-changeduration_Stretch__0_4-changepitchmedian_100__0-changesemitones_-4.wav']",AP_gee-changeduration_Stretch__0_4-changepitchmedian_100__0-changesemitones_-16.wav,1,,rand
25,1680893524285,07/04/2023 18:52:04,1680893361145,-4,07/04/2023 14:49:21,127771,4,task-75vj,,28738738,BLIND,8554460,,complete,,,computer,Desktop or Laptop,Windows 10,Chrome 111.0.0.0,1920x1200,1920x1057,,Perceptual Organization Pilot - Audio,78,,,,,SD-AP,Practice Good,AB,Practice Bad,AB,V4-AP-practice1,V4-AP-practice1,9,8,1,Screen 1,Zone1,content_web_audio,0.29999999701976776,,,AUDIO PLAY REQUESTED,1,0,1,0,,,,,2,task-ap-feedback,Block_5_female_1speaker_present_word_6_serial_4_1rand_prac.wav,,,prac_corr,### word,,present,6,10,2000,"['AI_goo-changeduration_Stretch__0_4-changepitchmedian_200__0-changesemitones_12.wav'
 'AI_da-changeduration_Stretch__0_4-changepitchmedian_200__0-changesemitones_4.wav'
 'AI_boo-changeduration_Stretch__0_4-changepitchmedian_200__0-changesemitones_8.wav'
 'AI_dee-changeduration_Stretch__0_4-changepitchmedian_200__0-changesemitones_16.wav'
 'AI_bee-changeduration_Stretch__0_4-changepitchmedian_200__0-changesemitones_-16.wav'
 'AI_ga-changeduration_Stretch__0_4-changepitchmedian_200__0.wav']",AI_bee-changeduration_Stretch__0_4-changepitchmedian_200__0-changesemitones_-4.wav,4,,rand
26,1680893529141,07/04/2023 18:52:09,1680893365997,-4,07/04/2023 14:49:25,127771,4,task-75vj,,28738738,BLIND,8554460,,complete,,,computer,Desktop or Laptop,Windows 10,Chrome 111.0.0.0,1920x1200,1920x1057,,Perceptual Organization Pilot - Audio,78,,,,,SD-AP,Practice Good,AB,Practice Bad,AB,V4-AP-practice1,V4-AP-practice1,9,8,1,Screen 1,Zone1,content_web_audio,4852.20000000298,,,,,0,1,0,,,,,2,task-ap-feedback,Block_5_female_1speaker_present_word_6_serial_4_1rand_prac.wav,,,prac_corr,### word,,present,6,10,2000,"['AI_goo-changeduration_Stretch__0_4-changepitchmedian_200__0-changesemitones_12.wav'
 'AI_da-changeduration_Stretch__0_4-changepitchmedian_200__0-changesemitones_4.wav'
 'AI_boo-changeduration_Stretch__0_4-changepitchmedian_200__0-changesemitones_8.wav'
 'AI_dee-changeduration_Stretch__0_4-changepitchmedian_200__0-changesemitones_16.wav'
 'AI_bee-changeduration_Stretch__0_4-changepitchmedian_200__0-changesemitones_-16.wav'
 'AI_ga-changeduration_Stretch__0_4-changepitchmedian_200__0.wav']",AI_bee-changeduration_Stretch__0_4-changepitchmedian_200__0-changesemitones_-4.wav,4,,rand
27,1680893529892,07/04/2023 18:52:09,1680893366757,-4,07/04/2023 14:49:26,127771,4,task-75vj,,28738738,BLIND,8554460,,complete,,,computer,Desktop or Laptop,Windows 10,Chrome 111.0.0.0,1920x1200,1920x1057,,Perceptual Organization Pilot - Audio,78,,,,,SD-AP,Practice Good,AB,Practice Bad,AB,V4-AP-practice1,V4-AP-practice1,9,8,2,Screen 2,buttonA,response_button_text,736.7000000029802,,,present,1,1,0,0,,,,,2,task-ap-feedback,Block_5_female_1speaker_present_word_6_serial_4_1rand_prac.wav,,,prac_corr,### word,,present,6,10,2000,"['AI_goo-changeduration_Stretch__0_4-changepitchmedian_200__0-changesemitones_12.wav'
 'AI_da-changeduration_Stretch__0_4-changepitchmedian_200__0-changesemitones_4.wav'
 'AI_boo-changeduration_Stretch__0_4-changepitchmedian_200__0-changesemitones_8.wav'
 'AI_dee-changeduration_Stretch__0_4-changepitchmedian_200__0-changesemitones_16.wav'
 'AI_bee-changeduration_Stretch__0_4-changepitchmedian_200__0-changesemitones_-16.wav'
 'AI_ga-changeduration_Stretch__0_4-changepitchmedian_200__0.wav']",AI_bee-changeduration_Stretch__0_4-changepitchmedian_200__0-changesemitones_-4.wav,4,,rand
28,1680893530379,07/04/2023 18:52:10,1680893367246,-4,07/04/2023 14:49:27,127771,4,task-75vj,,28738738,BLIND,8554460,,complete,,,computer,Desktop or Laptop,Windows 10,Chrome 111.0.0.0,1920x1200,1920x1057,,Perceptual Organization Pilot - Audio,78,,,,,SD-AP,Practice Good,AB,Practice Bad,AB,V4-AP-practice1,,,END TASK,,,,,59595,,,,,0,1,0,,,,,,,,,,,,,,,,,,,,,
1,1681658925387,16/04/2023 15:28:45,1681658757305,-4,16/04/2023 11:25:57,127771,4,task-75vj,,28896520,BLIND,8603318,,complete,,,computer,Desktop or Laptop,Windows 10,Chrome 112.0.0.0,1920x1200,1920x1089,,Perceptual Organization Pilot - Audio,78,,,,,SD-AP,Practice Good,AB,Practice Good,AB,V4-AP-practice1,,,BEGIN TASK,,,,,,,,,,0,1,0,,,,,,,,,,,,,,,,,,,,,
2,1681658933758,16/04/2023 15:28:53,1681658765710,-4,16/04/2023 11:26:05,127771,4,task-75vj,,28896520,BLIND,8603318,,complete,,,computer,Desktop or Laptop,Windows 10,Chrome 112.0.0.0,1920x1200,1920x1089,,Perceptual Organization Pilot - Audio,78,,,,,SD-AP,Practice Good,AB,Practice Good,AB,V4-AP-practice1,V4-AP-practice1,1,1,1,Screen 1,advancementZone,continue_button,8386,,,,,0,1,0,,,,,,text,,,"<p style=""font-size: 32px;""> In this final practice section, you will hear a sequence of syllables with different pitches, a pause, then a single syllable. Your task is to determine whether the PITCH itself was present or absent from the sequence. </p>",,,,,,,,,,,,
3,1681658933879,16/04/2023 15:28:53,1681658765718,-4,16/04/2023 11:26:05,127771,4,task-75vj,,28896520,BLIND,8603318,,complete,,,computer,Desktop or Laptop,Windows 10,Chrome 112.0.0.0,1920x1200,1920x1089,,Perceptual Organization Pilot - Audio,78,,,,,SD-AP,Practice Good,AB,Practice Good,AB,V4-AP-practice1,V4-AP-practice1,2,1,1,Screen 1,Zone1,content_web_audio,0.699999988079071,,,AUDIO PLAY REQUESTED,1,0,1,0,,,,,1,task-ap-feedback,Block_5_female_1speaker_absent_pitch_6_serial_4_1fixed_prac.wav,,,prac_corr,### pitch,,absent,6,10,2000,"['AI_da-changeduration_Stretch__0_4-changepitchmedian_200__0-changesemitones_8.wav'
 'AI_da-changeduration_Stretch__0_4-changepitchmedian_200__0-changesemitones_16.wav'
 'AI_da-changeduration_Stretch__0_4-changepitchmedian_200__0-changesemitones_-8.wav'
 'AI_da-changeduration_Stretch__0_4-changepitchmedian_200__0-changesemitones_-12.wav'
 'AI_da-changeduration_Stretch__0_4-changepitchmedian_200__0-changesemitones_-4.wav'
 'AI_da-changeduration_Stretch__0_4-changepitchmedian_200__0-changesemitones_12.wav']",AI_da-changeduration_Stretch__0_4-changepitchmedian_200__0-changesemitones_4.wav,4,,fixed
4,1681658938618,16/04/2023 15:28:58,1681658770573,-4,16/04/2023 11:26:10,127771,4,task-75vj,,28896520,BLIND,8603318,,complete,,,computer,Desktop or Laptop,Windows 10,Chrome 112.0.0.0,1920x1200,1920x1089,,Perceptual Organization Pilot - Audio,78,,,,,SD-AP,Practice Good,AB,Practice Good,AB,V4-AP-practice1,V4-AP-practice1,2,1,1,Screen 1,Zone1,content_web_audio,4854.699999988079,,,,,0,1,0,,,,,1,task-ap-feedback,Block_5_female_1speaker_absent_pitch_6_serial_4_1fixed_prac.wav,,,prac_corr,### pitch,,absent,6,10,2000,"['AI_da-changeduration_Stretch__0_4-changepitchmedian_200__0-changesemitones_8.wav'
 'AI_da-changeduration_Stretch__0_4-changepitchmedian_200__0-changesemitones_16.wav'
 'AI_da-changeduration_Stretch__0_4-changepitchmedian_200__0-changesemitones_-8.wav'
 'AI_da-changeduration_Stretch__0_4-changepitchmedian_200__0-changesemitones_-12.wav'
 'AI_da-changeduration_Stretch__0_4-changepitchmedian_200__0-changesemitones_-4.wav'
 'AI_da-changeduration_Stretch__0_4-changepitchmedian_200__0-changesemitones_12.wav']",AI_da-changeduration_Stretch__0_4-changepitchmedian_200__0-changesemitones_4.wav,4,,fixed
5,1681658940990,16/04/2023 15:29:00,1681658772958,-4,16/04/2023 11:26:12,127771,4,task-75vj,,28896520,BLIND,8603318,,complete,,,computer,Desktop or Laptop,Windows 10,Chrome 112.0.0.0,1920x1200,1920x1089,,Perceptual Organization Pilot - Audio,78,,,,,SD-AP,Practice Good,AB,Practice Good,AB,V4-AP-practice1,V4-AP-practice1,2,1,2,Screen 2,buttonA,response_button_text,2377.699999988079,,,present,1,0,1,0,,,,,1,task-ap-feedback,Block_5_female_1speaker_absent_pitch_6_serial_4_1fixed_prac.wav,,,prac_corr,### pitch,,absent,6,10,2000,"['AI_da-changeduration_Stretch__0_4-changepitchmedian_200__0-changesemitones_8.wav'
 'AI_da-changeduration_Stretch__0_4-changepitchmedian_200__0-changesemitones_16.wav'
 'AI_da-changeduration_Stretch__0_4-changepitchmedian_200__0-changesemitones_-8.wav'
 'AI_da-changeduration_Stretch__0_4-changepitchmedian_200__0-changesemitones_-12.wav'
 'AI_da-changeduration_Stretch__0_4-changepitchmedian_200__0-changesemitones_-4.wav'
 'AI_da-changeduration_Stretch__0_4-changepitchmedian_200__0-changesemitones_12.wav']",AI_da-changeduration_Stretch__0_4-changepitchmedian_200__0-changesemitones_4.wav,4,,fixed
6,1681658941510,16/04/2023 15:29:01,1681658773457,-4,16/04/2023 11:26:13,127771,4,task-75vj,,28896520,BLIND,8603318,,complete,,,computer,Desktop or Laptop,Windows 10,Chrome 112.0.0.0,1920x1200,1920x1089,,Perceptual Organization Pilot - Audio,78,,,,,SD-AP,Practice Good,AB,Practice Good,AB,V4-AP-practice1,V4-AP-practice1,4,2,1,Screen 1,Zone1,content_web_audio,0.40000003576278687,,,AUDIO PLAY REQUESTED,1,0,1,0,,,,,1,task-ap-feedback,Block_5_female_1speaker_absent_pitch_6_serial_1_1rand_prac.wav,,,prac_corr,### pitch,,absent,6,10,2000,"['AI_doo-changeduration_Stretch__0_4-changepitchmedian_200__0-changesemitones_-4.wav'
 'AI_da-changeduration_Stretch__0_4-changepitchmedian_200__0.wav'
 'AI_gee-changeduration_Stretch__0_4-changepitchmedian_200__0-changesemitones_-16.wav'
 'AI_ba-changeduration_Stretch__0_4-changepitchmedian_200__0-changesemitones_8.wav'
 'AI_ga-changeduration_Stretch__0_4-changepitchmedian_200__0-changesemitones_4.wav'
 'AI_goo-changeduration_Stretch__0_4-changepitchmedian_200__0-changesemitones_12.wav']",AI_boo-changeduration_Stretch__0_4-changepitchmedian_200__0-changesemitones_-8.wav,1,,rand
7,1681658946346,16/04/2023 15:29:06,1681658778308,-4,16/04/2023 11:26:18,127771,4,task-75vj,,28896520,BLIND,8603318,,complete,,,computer,Desktop or Laptop,Windows 10,Chrome 112.0.0.0,1920x1200,1920x1089,,Perceptual Organization Pilot - Audio,78,,,,,SD-AP,Practice Good,AB,Practice Good,AB,V4-AP-practice1,V4-AP-practice1,4,2,1,Screen 1,Zone1,content_web_audio,4851.700000047684,,,,,0,1,0,,,,,1,task-ap-feedback,Block_5_female_1speaker_absent_pitch_6_serial_1_1rand_prac.wav,,,prac_corr,### pitch,,absent,6,10,2000,"['AI_doo-changeduration_Stretch__0_4-changepitchmedian_200__0-changesemitones_-4.wav'
 'AI_da-changeduration_Stretch__0_4-changepitchmedian_200__0.wav'
 'AI_gee-changeduration_Stretch__0_4-changepitchmedian_200__0-changesemitones_-16.wav'
 'AI_ba-changeduration_Stretch__0_4-changepitchmedian_200__0-changesemitones_8.wav'
 'AI_ga-changeduration_Stretch__0_4-changepitchmedian_200__0-changesemitones_4.wav'
 'AI_goo-changeduration_Stretch__0_4-changepitchmedian_200__0-changesemitones_12.wav']",AI_boo-changeduration_Stretch__0_4-changepitchmedian_200__0-changesemitones_-8.wav,1,,rand
8,1681658953701,16/04/2023 15:29:13,1681658785670,-4,16/04/2023 11:26:25,127771,4,task-75vj,,28896520,BLIND,8603318,,complete,,,computer,Desktop or Laptop,Windows 10,Chrome 112.0.0.0,1920x1200,1920x1089,,Perceptual Organization Pilot - Audio,78,,,,,SD-AP,Practice Good,AB,Practice Good,AB,V4-AP-practice1,V4-AP-practice1,4,2,2,Screen 2,buttonB,response_button_text,7351.300000011921,,,absent,1,1,0,0,,,,,1,task-ap-feedback,Block_5_female_1speaker_absent_pitch_6_serial_1_1rand_prac.wav,,,prac_corr,### pitch,,absent,6,10,2000,"['AI_doo-changeduration_Stretch__0_4-changepitchmedian_200__0-changesemitones_-4.wav'
 'AI_da-changeduration_Stretch__0_4-changepitchmedian_200__0.wav'
 'AI_gee-changeduration_Stretch__0_4-changepitchmedian_200__0-changesemitones_-16.wav'
 'AI_ba-changeduration_Stretch__0_4-changepitchmedian_200__0-changesemitones_8.wav'
 'AI_ga-changeduration_Stretch__0_4-changepitchmedian_200__0-changesemitones_4.wav'
 'AI_goo-changeduration_Stretch__0_4-changepitchmedian_200__0-changesemitones_12.wav']",AI_boo-changeduration_Stretch__0_4-changepitchmedian_200__0-changesemitones_-8.wav,1,,rand
9,1681658954209,16/04/2023 15:29:14,1681658786176,-4,16/04/2023 11:26:26,127771,4,task-75vj,,28896520,BLIND,8603318,,complete,,,computer,Desktop or Laptop,Windows 10,Chrome 112.0.0.0,1920x1200,1920x1089,,Perceptual Organization Pilot - Audio,78,,,,,SD-AP,Practice Good,AB,Practice Good,AB,V4-AP-practice1,V4-AP-practice1,5,3,1,Screen 1,Zone1,content_web_audio,0.19999998807907104,,,AUDIO PLAY REQUESTED,1,0,1,0,,,,,1,task-ap-feedback,Block_5_male_1speaker_absent_pitch_6_serial_2_1rand_prac.wav,,,prac_corr,### pitch,,absent,6,10,2000,"['AP_gee-changeduration_Stretch__0_4-changepitchmedian_100__0-changesemitones_-8.wav'
 'AP_da-changeduration_Stretch__0_4-changepitchmedian_100__0-changesemitones_12.wav'
 'AP_goo-changeduration_Stretch__0_4-changepitchmedian_100__0-changesemitones_-16.wav'
 'AP_bee-changeduration_Stretch__0_4-changepitchmedian_100__0-changesemitones_-12.wav'
 'AP_boo-changeduration_Stretch__0_4-changepitchmedian_100__0-changesemitones_-4.wav'
 'AP_doo-changeduration_Stretch__0_4-changepitchmedian_100__0-changesemitones_4.wav']",AP_dee-changeduration_Stretch__0_4-changepitchmedian_100__0-changesemitones_16.wav,2,,rand
10,1681658959069,16/04/2023 15:29:19,1681658791028,-4,16/04/2023 11:26:31,127771,4,task-75vj,,28896520,BLIND,8603318,,complete,,,computer,Desktop or Laptop,Windows 10,Chrome 112.0.0.0,1920x1200,1920x1089,,Perceptual Organization Pilot - Audio,78,,,,,SD-AP,Practice Good,AB,Practice Good,AB,V4-AP-practice1,V4-AP-practice1,5,3,1,Screen 1,Zone1,content_web_audio,4851.100000023842,,,,,0,1,0,,,,,1,task-ap-feedback,Block_5_male_1speaker_absent_pitch_6_serial_2_1rand_prac.wav,,,prac_corr,### pitch,,absent,6,10,2000,"['AP_gee-changeduration_Stretch__0_4-changepitchmedian_100__0-changesemitones_-8.wav'
 'AP_da-changeduration_Stretch__0_4-changepitchmedian_100__0-changesemitones_12.wav'
 'AP_goo-changeduration_Stretch__0_4-changepitchmedian_100__0-changesemitones_-16.wav'
 'AP_bee-changeduration_Stretch__0_4-changepitchmedian_100__0-changesemitones_-12.wav'
 'AP_boo-changeduration_Stretch__0_4-changepitchmedian_100__0-changesemitones_-4.wav'
 'AP_doo-changeduration_Stretch__0_4-changepitchmedian_100__0-changesemitones_4.wav']",AP_dee-changeduration_Stretch__0_4-changepitchmedian_100__0-changesemitones_16.wav,2,,rand
11,1681658960025,16/04/2023 15:29:20,1681658791989,-4,16/04/2023 11:26:31,127771,4,task-75vj,,28896520,BLIND,8603318,,complete,,,computer,Desktop or Laptop,Windows 10,Chrome 112.0.0.0,1920x1200,1920x1089,,Perceptual Organization Pilot - Audio,78,,,,,SD-AP,Practice Good,AB,Practice Good,AB,V4-AP-practice1,V4-AP-practice1,5,3,2,Screen 2,buttonB,response_button_text,951.8999999761581,,,absent,1,1,0,0,,,,,1,task-ap-feedback,Block_5_male_1speaker_absent_pitch_6_serial_2_1rand_prac.wav,,,prac_corr,### pitch,,absent,6,10,2000,"['AP_gee-changeduration_Stretch__0_4-changepitchmedian_100__0-changesemitones_-8.wav'
 'AP_da-changeduration_Stretch__0_4-changepitchmedian_100__0-changesemitones_12.wav'
 'AP_goo-changeduration_Stretch__0_4-changepitchmedian_100__0-changesemitones_-16.wav'
 'AP_bee-changeduration_Stretch__0_4-changepitchmedian_100__0-changesemitones_-12.wav'
 'AP_boo-changeduration_Stretch__0_4-changepitchmedian_100__0-changesemitones_-4.wav'
 'AP_doo-changeduration_Stretch__0_4-changepitchmedian_100__0-changesemitones_4.wav']",AP_dee-changeduration_Stretch__0_4-changepitchmedian_100__0-changesemitones_16.wav,2,,rand
12,1681658960519,16/04/2023 15:29:20,1681658792489,-4,16/04/2023 11:26:32,127771,4,task-75vj,,28896520,BLIND,8603318,,complete,,,computer,Desktop or Laptop,Windows 10,Chrome 112.0.0.0,1920x1200,1920x1089,,Perceptual Organization Pilot - Audio,78,,,,,SD-AP,Practice Good,AB,Practice Good,AB,V4-AP-practice1,V4-AP-practice1,3,4,1,Screen 1,Zone1,content_web_audio,0.30000001192092896,,,AUDIO PLAY REQUESTED,1,0,1,0,,,,,1,task-ap-feedback,Block_5_male_1speaker_present_pitch_6_serial_0_1fixed_prac.wav,,,prac_corr,### pitch,,present,6,10,2000,"['AP_boo-changeduration_Stretch__0_4-changepitchmedian_100__0-changesemitones_4.wav'
 'AP_boo-changeduration_Stretch__0_4-changepitchmedian_100__0-changesemitones_-16.wav'
 'AP_boo-changeduration_Stretch__0_4-changepitchmedian_100__0.wav'
 'AP_boo-changeduration_Stretch__0_4-changepitchmedian_100__0-changesemitones_-12.wav'
 'AP_boo-changeduration_Stretch__0_4-changepitchmedian_100__0-changesemitones_-8.wav'
 'AP_boo-changeduration_Stretch__0_4-changepitchmedian_100__0-changesemitones_-4.wav']",AP_boo-changeduration_Stretch__0_4-changepitchmedian_100__0-changesemitones_4.wav,0,,fixed
13,1681658965377,16/04/2023 15:29:25,1681658797340,-4,16/04/2023 11:26:37,127771,4,task-75vj,,28896520,BLIND,8603318,,complete,,,computer,Desktop or Laptop,Windows 10,Chrome 112.0.0.0,1920x1200,1920x1089,,Perceptual Organization Pilot - Audio,78,,,,,SD-AP,Practice Good,AB,Practice Good,AB,V4-AP-practice1,V4-AP-practice1,3,4,1,Screen 1,Zone1,content_web_audio,4850.800000011921,,,,,0,1,0,,,,,1,task-ap-feedback,Block_5_male_1speaker_present_pitch_6_serial_0_1fixed_prac.wav,,,prac_corr,### pitch,,present,6,10,2000,"['AP_boo-changeduration_Stretch__0_4-changepitchmedian_100__0-changesemitones_4.wav'
 'AP_boo-changeduration_Stretch__0_4-changepitchmedian_100__0-changesemitones_-16.wav'
 'AP_boo-changeduration_Stretch__0_4-changepitchmedian_100__0.wav'
 'AP_boo-changeduration_Stretch__0_4-changepitchmedian_100__0-changesemitones_-12.wav'
 'AP_boo-changeduration_Stretch__0_4-changepitchmedian_100__0-changesemitones_-8.wav'
 'AP_boo-changeduration_Stretch__0_4-changepitchmedian_100__0-changesemitones_-4.wav']",AP_boo-changeduration_Stretch__0_4-changepitchmedian_100__0-changesemitones_4.wav,0,,fixed
14,1681658968608,16/04/2023 15:29:28,1681658800573,-4,16/04/2023 11:26:40,127771,4,task-75vj,,28896520,BLIND,8603318,,complete,,,computer,Desktop or Laptop,Windows 10,Chrome 112.0.0.0,1920x1200,1920x1089,,Perceptual Organization Pilot - Audio,78,,,,,SD-AP,Practice Good,AB,Practice Good,AB,V4-AP-practice1,V4-AP-practice1,3,4,2,Screen 2,buttonA,response_button_text,3226.399999976158,,,present,1,1,0,0,,,,,1,task-ap-feedback,Block_5_male_1speaker_present_pitch_6_serial_0_1fixed_prac.wav,,,prac_corr,### pitch,,present,6,10,2000,"['AP_boo-changeduration_Stretch__0_4-changepitchmedian_100__0-changesemitones_4.wav'
 'AP_boo-changeduration_Stretch__0_4-changepitchmedian_100__0-changesemitones_-16.wav'
 'AP_boo-changeduration_Stretch__0_4-changepitchmedian_100__0.wav'
 'AP_boo-changeduration_Stretch__0_4-changepitchmedian_100__0-changesemitones_-12.wav'
 'AP_boo-changeduration_Stretch__0_4-changepitchmedian_100__0-changesemitones_-8.wav'
 'AP_boo-changeduration_Stretch__0_4-changepitchmedian_100__0-changesemitones_-4.wav']",AP_boo-changeduration_Stretch__0_4-changepitchmedian_100__0-changesemitones_4.wav,0,,fixed
15,1681658971852,16/04/2023 15:29:31,1681658803819,-4,16/04/2023 11:26:43,127771,4,task-75vj,,28896520,BLIND,8603318,,complete,,,computer,Desktop or Laptop,Windows 10,Chrome 112.0.0.0,1920x1200,1920x1089,,Perceptual Organization Pilot - Audio,78,,,,,SD-AP,Practice Good,AB,Practice Good,AB,V4-AP-practice1,V4-AP-practice1,6,2,1,Screen 1,advancementZone,continue_button,2740.099999964237,,,,,0,1,0,,,,,,text,,,"<p style=""font-size: 32px;""> In this final practice section, you will hear a sequence of syllables with different pitches, a pause, then a single syllable. Your task is to determine whether the SYLLABLE itself was present or absent from the sequence. </p>",,,,,,,,,,,,
16,1681658971963,16/04/2023 15:29:31,1681658803826,-4,16/04/2023 11:26:43,127771,4,task-75vj,,28896520,BLIND,8603318,,complete,,,computer,Desktop or Laptop,Windows 10,Chrome 112.0.0.0,1920x1200,1920x1089,,Perceptual Organization Pilot - Audio,78,,,,,SD-AP,Practice Good,AB,Practice Good,AB,V4-AP-practice1,V4-AP-practice1,8,5,1,Screen 1,Zone1,content_web_audio,0.30000001192092896,,,AUDIO PLAY REQUESTED,1,0,1,0,,,,,2,task-ap-feedback,Block_5_male_1speaker_absent_word_6_serial_1_1fixed_prac.wav,,,prac_corr,### word,,absent,6,10,2000,"['AP_doo-changeduration_Stretch__0_4-changepitchmedian_100__0-changesemitones_12.wav'
 'AP_gee-changeduration_Stretch__0_4-changepitchmedian_100__0-changesemitones_12.wav'
 'AP_boo-changeduration_Stretch__0_4-changepitchmedian_100__0-changesemitones_12.wav'
 'AP_bee-changeduration_Stretch__0_4-changepitchmedian_100__0-changesemitones_12.wav'
 'AP_goo-changeduration_Stretch__0_4-changepitchmedian_100__0-changesemitones_12.wav'
 'AP_da-changeduration_Stretch__0_4-changepitchmedian_100__0-changesemitones_12.wav']",AP_ba-changeduration_Stretch__0_4-changepitchmedian_100__0-changesemitones_12.wav,1,,fixed
17,1681658976711,16/04/2023 15:29:36,1681658808676,-4,16/04/2023 11:26:48,127771,4,task-75vj,,28896520,BLIND,8603318,,complete,,,computer,Desktop or Laptop,Windows 10,Chrome 112.0.0.0,1920x1200,1920x1089,,Perceptual Organization Pilot - Audio,78,,,,,SD-AP,Practice Good,AB,Practice Good,AB,V4-AP-practice1,V4-AP-practice1,8,5,1,Screen 1,Zone1,content_web_audio,4850.5,,,,,0,1,0,,,,,2,task-ap-feedback,Block_5_male_1speaker_absent_word_6_serial_1_1fixed_prac.wav,,,prac_corr,### word,,absent,6,10,2000,"['AP_doo-changeduration_Stretch__0_4-changepitchmedian_100__0-changesemitones_12.wav'
 'AP_gee-changeduration_Stretch__0_4-changepitchmedian_100__0-changesemitones_12.wav'
 'AP_boo-changeduration_Stretch__0_4-changepitchmedian_100__0-changesemitones_12.wav'
 'AP_bee-changeduration_Stretch__0_4-changepitchmedian_100__0-changesemitones_12.wav'
 'AP_goo-changeduration_Stretch__0_4-changepitchmedian_100__0-changesemitones_12.wav'
 'AP_da-changeduration_Stretch__0_4-changepitchmedian_100__0-changesemitones_12.wav']",AP_ba-changeduration_Stretch__0_4-changepitchmedian_100__0-changesemitones_12.wav,1,,fixed
18,1681658978115,16/04/2023 15:29:38,1681658810084,-4,16/04/2023 11:26:50,127771,4,task-75vj,,28896520,BLIND,8603318,,complete,,,computer,Desktop or Laptop,Windows 10,Chrome 112.0.0.0,1920x1200,1920x1089,,Perceptual Organization Pilot - Audio,78,,,,,SD-AP,Practice Good,AB,Practice Good,AB,V4-AP-practice1,V4-AP-practice1,8,5,2,Screen 2,buttonB,response_button_text,1401.9000000357628,,,absent,1,1,0,0,,,,,2,task-ap-feedback,Block_5_male_1speaker_absent_word_6_serial_1_1fixed_prac.wav,,,prac_corr,### word,,absent,6,10,2000,"['AP_doo-changeduration_Stretch__0_4-changepitchmedian_100__0-changesemitones_12.wav'
 'AP_gee-changeduration_Stretch__0_4-changepitchmedian_100__0-changesemitones_12.wav'
 'AP_boo-changeduration_Stretch__0_4-changepitchmedian_100__0-changesemitones_12.wav'
 'AP_bee-changeduration_Stretch__0_4-changepitchmedian_100__0-changesemitones_12.wav'
 'AP_goo-changeduration_Stretch__0_4-changepitchmedian_100__0-changesemitones_12.wav'
 'AP_da-changeduration_Stretch__0_4-changepitchmedian_100__0-changesemitones_12.wav']",AP_ba-changeduration_Stretch__0_4-changepitchmedian_100__0-changesemitones_12.wav,1,,fixed
19,1681658978611,16/04/2023 15:29:38,1681658810582,-4,16/04/2023 11:26:50,127771,4,task-75vj,,28896520,BLIND,8603318,,complete,,,computer,Desktop or Laptop,Windows 10,Chrome 112.0.0.0,1920x1200,1920x1089,,Perceptual Organization Pilot - Audio,78,,,,,SD-AP,Practice Good,AB,Practice Good,AB,V4-AP-practice1,V4-AP-practice1,7,6,1,Screen 1,Zone1,content_web_audio,0.30000001192092896,,,AUDIO PLAY REQUESTED,1,0,1,0,,,,,2,task-ap-feedback,Block_5_female_1speaker_present_word_6_serial_1_1fixed_prac.wav,,,prac_corr,### word,,present,6,10,2000,"['AI_boo-changeduration_Stretch__0_4-changepitchmedian_200__0-changesemitones_-16.wav'
 'AI_ba-changeduration_Stretch__0_4-changepitchmedian_200__0-changesemitones_-16.wav'
 'AI_da-changeduration_Stretch__0_4-changepitchmedian_200__0-changesemitones_-16.wav'
 'AI_gee-changeduration_Stretch__0_4-changepitchmedian_200__0-changesemitones_-16.wav'
 'AI_ga-changeduration_Stretch__0_4-changepitchmedian_200__0-changesemitones_-16.wav'
 'AI_bee-changeduration_Stretch__0_4-changepitchmedian_200__0-changesemitones_-16.wav']",AI_ba-changeduration_Stretch__0_4-changepitchmedian_200__0-changesemitones_-16.wav,1,,fixed
20,1681658983464,16/04/2023 15:29:43,1681658815434,-4,16/04/2023 11:26:55,127771,4,task-75vj,,28896520,BLIND,8603318,,complete,,,computer,Desktop or Laptop,Windows 10,Chrome 112.0.0.0,1920x1200,1920x1089,,Perceptual Organization Pilot - Audio,78,,,,,SD-AP,Practice Good,AB,Practice Good,AB,V4-AP-practice1,V4-AP-practice1,7,6,1,Screen 1,Zone1,content_web_audio,4851.400000035763,,,,,0,1,0,,,,,2,task-ap-feedback,Block_5_female_1speaker_present_word_6_serial_1_1fixed_prac.wav,,,prac_corr,### word,,present,6,10,2000,"['AI_boo-changeduration_Stretch__0_4-changepitchmedian_200__0-changesemitones_-16.wav'
 'AI_ba-changeduration_Stretch__0_4-changepitchmedian_200__0-changesemitones_-16.wav'
 'AI_da-changeduration_Stretch__0_4-changepitchmedian_200__0-changesemitones_-16.wav'
 'AI_gee-changeduration_Stretch__0_4-changepitchmedian_200__0-changesemitones_-16.wav'
 'AI_ga-changeduration_Stretch__0_4-changepitchmedian_200__0-changesemitones_-16.wav'
 'AI_bee-changeduration_Stretch__0_4-changepitchmedian_200__0-changesemitones_-16.wav']",AI_ba-changeduration_Stretch__0_4-changepitchmedian_200__0-changesemitones_-16.wav,1,,fixed
21,1681658985800,16/04/2023 15:29:45,1681658817765,-4,16/04/2023 11:26:57,127771,4,task-75vj,,28896520,BLIND,8603318,,complete,,,computer,Desktop or Laptop,Windows 10,Chrome 112.0.0.0,1920x1200,1920x1089,,Perceptual Organization Pilot - Audio,78,,,,,SD-AP,Practice Good,AB,Practice Good,AB,V4-AP-practice1,V4-AP-practice1,7,6,2,Screen 2,buttonA,response_button_text,2322.300000011921,,,present,1,1,0,0,,,,,2,task-ap-feedback,Block_5_female_1speaker_present_word_6_serial_1_1fixed_prac.wav,,,prac_corr,### word,,present,6,10,2000,"['AI_boo-changeduration_Stretch__0_4-changepitchmedian_200__0-changesemitones_-16.wav'
 'AI_ba-changeduration_Stretch__0_4-changepitchmedian_200__0-changesemitones_-16.wav'
 'AI_da-changeduration_Stretch__0_4-changepitchmedian_200__0-changesemitones_-16.wav'
 'AI_gee-changeduration_Stretch__0_4-changepitchmedian_200__0-changesemitones_-16.wav'
 'AI_ga-changeduration_Stretch__0_4-changepitchmedian_200__0-changesemitones_-16.wav'
 'AI_bee-changeduration_Stretch__0_4-changepitchmedian_200__0-changesemitones_-16.wav']",AI_ba-changeduration_Stretch__0_4-changepitchmedian_200__0-changesemitones_-16.wav,1,,fixed
22,1681658986284,16/04/2023 15:29:46,1681658818254,-4,16/04/2023 11:26:58,127771,4,task-75vj,,28896520,BLIND,8603318,,complete,,,computer,Desktop or Laptop,Windows 10,Chrome 112.0.0.0,1920x1200,1920x1089,,Perceptual Organization Pilot - Audio,78,,,,,SD-AP,Practice Good,AB,Practice Good,AB,V4-AP-practice1,V4-AP-practice1,9,7,1,Screen 1,Zone1,content_web_audio,0.30000001192092896,,,AUDIO PLAY REQUESTED,1,0,1,0,,,,,2,task-ap-feedback,Block_5_female_1speaker_present_word_6_serial_4_1rand_prac.wav,,,prac_corr,### word,,present,6,10,2000,"['AI_goo-changeduration_Stretch__0_4-changepitchmedian_200__0-changesemitones_12.wav'
 'AI_da-changeduration_Stretch__0_4-changepitchmedian_200__0-changesemitones_4.wav'
 'AI_boo-changeduration_Stretch__0_4-changepitchmedian_200__0-changesemitones_8.wav'
 'AI_dee-changeduration_Stretch__0_4-changepitchmedian_200__0-changesemitones_16.wav'
 'AI_bee-changeduration_Stretch__0_4-changepitchmedian_200__0-changesemitones_-16.wav'
 'AI_ga-changeduration_Stretch__0_4-changepitchmedian_200__0.wav']",AI_bee-changeduration_Stretch__0_4-changepitchmedian_200__0-changesemitones_-4.wav,4,,rand
23,1681658991141,16/04/2023 15:29:51,1681658823105,-4,16/04/2023 11:27:03,127771,4,task-75vj,,28896520,BLIND,8603318,,complete,,,computer,Desktop or Laptop,Windows 10,Chrome 112.0.0.0,1920x1200,1920x1089,,Perceptual Organization Pilot - Audio,78,,,,,SD-AP,Practice Good,AB,Practice Good,AB,V4-AP-practice1,V4-AP-practice1,9,7,1,Screen 1,Zone1,content_web_audio,4850.699999988079,,,,,0,1,0,,,,,2,task-ap-feedback,Block_5_female_1speaker_present_word_6_serial_4_1rand_prac.wav,,,prac_corr,### word,,present,6,10,2000,"['AI_goo-changeduration_Stretch__0_4-changepitchmedian_200__0-changesemitones_12.wav'
 'AI_da-changeduration_Stretch__0_4-changepitchmedian_200__0-changesemitones_4.wav'
 'AI_boo-changeduration_Stretch__0_4-changepitchmedian_200__0-changesemitones_8.wav'
 'AI_dee-changeduration_Stretch__0_4-changepitchmedian_200__0-changesemitones_16.wav'
 'AI_bee-changeduration_Stretch__0_4-changepitchmedian_200__0-changesemitones_-16.wav'
 'AI_ga-changeduration_Stretch__0_4-changepitchmedian_200__0.wav']",AI_bee-changeduration_Stretch__0_4-changepitchmedian_200__0-changesemitones_-4.wav,4,,rand
24,1681658993251,16/04/2023 15:29:53,1681658825222,-4,16/04/2023 11:27:05,127771,4,task-75vj,,28896520,BLIND,8603318,,complete,,,computer,Desktop or Laptop,Windows 10,Chrome 112.0.0.0,1920x1200,1920x1089,,Perceptual Organization Pilot - Audio,78,,,,,SD-AP,Practice Good,AB,Practice Good,AB,V4-AP-practice1,V4-AP-practice1,9,7,2,Screen 2,buttonB,response_button_text,2106.699999988079,,,absent,1,0,1,0,,,,,2,task-ap-feedback,Block_5_female_1speaker_present_word_6_serial_4_1rand_prac.wav,,,prac_corr,### word,,present,6,10,2000,"['AI_goo-changeduration_Stretch__0_4-changepitchmedian_200__0-changesemitones_12.wav'
 'AI_da-changeduration_Stretch__0_4-changepitchmedian_200__0-changesemitones_4.wav'
 'AI_boo-changeduration_Stretch__0_4-changepitchmedian_200__0-changesemitones_8.wav'
 'AI_dee-changeduration_Stretch__0_4-changepitchmedian_200__0-changesemitones_16.wav'
 'AI_bee-changeduration_Stretch__0_4-changepitchmedian_200__0-changesemitones_-16.wav'
 'AI_ga-changeduration_Stretch__0_4-changepitchmedian_200__0.wav']",AI_bee-changeduration_Stretch__0_4-changepitchmedian_200__0-changesemitones_-4.wav,4,,rand
25,1681658993748,16/04/2023 15:29:53,1681658825714,-4,16/04/2023 11:27:05,127771,4,task-75vj,,28896520,BLIND,8603318,,complete,,,computer,Desktop or Laptop,Windows 10,Chrome 112.0.0.0,1920x1200,1920x1089,,Perceptual Organization Pilot - Audio,78,,,,,SD-AP,Practice Good,AB,Practice Good,AB,V4-AP-practice1,V4-AP-practice1,10,8,1,Screen 1,Zone1,content_web_audio,0.30000001192092896,,,AUDIO PLAY REQUESTED,1,0,1,0,,,,,2,task-ap-feedback,Block_5_male_1speaker_absent_word_6_serial_1_1rand_prac.wav,,,prac_corr,### word,,absent,6,10,2000,"['AP_goo-changeduration_Stretch__0_4-changepitchmedian_100__0-changesemitones_4.wav'
 'AP_ba-changeduration_Stretch__0_4-changepitchmedian_100__0-changesemitones_8.wav'
 'AP_doo-changeduration_Stretch__0_4-changepitchmedian_100__0-changesemitones_16.wav'
 'AP_boo-changeduration_Stretch__0_4-changepitchmedian_100__0-changesemitones_-12.wav'
 'AP_dee-changeduration_Stretch__0_4-changepitchmedian_100__0-changesemitones_12.wav'
 'AP_ga-changeduration_Stretch__0_4-changepitchmedian_100__0-changesemitones_-4.wav']",AP_gee-changeduration_Stretch__0_4-changepitchmedian_100__0-changesemitones_-16.wav,1,,rand
26,1681658998601,16/04/2023 15:29:58,1681658830565,-4,16/04/2023 11:27:10,127771,4,task-75vj,,28896520,BLIND,8603318,,complete,,,computer,Desktop or Laptop,Windows 10,Chrome 112.0.0.0,1920x1200,1920x1089,,Perceptual Organization Pilot - Audio,78,,,,,SD-AP,Practice Good,AB,Practice Good,AB,V4-AP-practice1,V4-AP-practice1,10,8,1,Screen 1,Zone1,content_web_audio,4851,,,,,0,1,0,,,,,2,task-ap-feedback,Block_5_male_1speaker_absent_word_6_serial_1_1rand_prac.wav,,,prac_corr,### word,,absent,6,10,2000,"['AP_goo-changeduration_Stretch__0_4-changepitchmedian_100__0-changesemitones_4.wav'
 'AP_ba-changeduration_Stretch__0_4-changepitchmedian_100__0-changesemitones_8.wav'
 'AP_doo-changeduration_Stretch__0_4-changepitchmedian_100__0-changesemitones_16.wav'
 'AP_boo-changeduration_Stretch__0_4-changepitchmedian_100__0-changesemitones_-12.wav'
 'AP_dee-changeduration_Stretch__0_4-changepitchmedian_100__0-changesemitones_12.wav'
 'AP_ga-changeduration_Stretch__0_4-changepitchmedian_100__0-changesemitones_-4.wav']",AP_gee-changeduration_Stretch__0_4-changepitchmedian_100__0-changesemitones_-16.wav,1,,rand
27,1681658999765,16/04/2023 15:29:59,1681658831733,-4,16/04/2023 11:27:11,127771,4,task-75vj,,28896520,BLIND,8603318,,complete,,,computer,Desktop or Laptop,Windows 10,Chrome 112.0.0.0,1920x1200,1920x1089,,Perceptual Organization Pilot - Audio,78,,,,,SD-AP,Practice Good,AB,Practice Good,AB,V4-AP-practice1,V4-AP-practice1,10,8,2,Screen 2,buttonB,response_button_text,1158.3999999761581,,,absent,1,1,0,0,,,,,2,task-ap-feedback,Block_5_male_1speaker_absent_word_6_serial_1_1rand_prac.wav,,,prac_corr,### word,,absent,6,10,2000,"['AP_goo-changeduration_Stretch__0_4-changepitchmedian_100__0-changesemitones_4.wav'
 'AP_ba-changeduration_Stretch__0_4-changepitchmedian_100__0-changesemitones_8.wav'
 'AP_doo-changeduration_Stretch__0_4-changepitchmedian_100__0-changesemitones_16.wav'
 'AP_boo-changeduration_Stretch__0_4-changepitchmedian_100__0-changesemitones_-12.wav'
 'AP_dee-changeduration_Stretch__0_4-changepitchmedian_100__0-changesemitones_12.wav'
 'AP_ga-changeduration_Stretch__0_4-changepitchmedian_100__0-changesemitones_-4.wav']",AP_gee-changeduration_Stretch__0_4-changepitchmedian_100__0-changesemitones_-16.wav,1,,rand
28,1681659000265,16/04/2023 15:30:00,1681658832231,-4,16/04/2023 11:27:12,127771,4,task-75vj,,28896520,BLIND,8603318,,complete,,,computer,Desktop or Laptop,Windows 10,Chrome 112.0.0.0,1920x1200,1920x1089,,Perceptual Organization Pilot - Audio,78,,,,,SD-AP,Practice Good,AB,Practice Good,AB,V4-AP-practice1,,,END TASK,,,,,74926,,,,,0,1,0,,,,,,,,,,,,,,,,,,,,,
1,1681399956041,13/04/2023 15:32:36,1681399789963,-4,13/04/2023 11:29:49,127771,4,task-75vj,,28849811,BLIND,8587316,,complete,,,computer,Desktop or Laptop,Windows 10,Chrome 111.0.0.0,1920x1200,1920x1089,,Perceptual Organization Pilot - Audio,78,,,,,SD-AP,Practice Good,BA,Practice Good,BA,V4-AP-practice1,,,BEGIN TASK,,,,,,,,,,0,1,0,,,,,,,,,,,,,,,,,,,,,
2,1681399965514,13/04/2023 15:32:45,1681399799495,-4,13/04/2023 11:29:59,127771,4,task-75vj,,28849811,BLIND,8587316,,complete,,,computer,Desktop or Laptop,Windows 10,Chrome 111.0.0.0,1920x1200,1920x1089,,Perceptual Organization Pilot - Audio,78,,,,,SD-AP,Practice Good,BA,Practice Good,BA,V4-AP-practice1,V4-AP-practice1,1,1,1,Screen 1,advancementZone,continue_button,9493.100000023842,,,,,0,1,0,,,,,,text,,,"<p style=""font-size: 32px;""> In this final practice section, you will hear a sequence of syllables with different pitches, a pause, then a single syllable. Your task is to determine whether the PITCH itself was present or absent from the sequence. </p>",,,,,,,,,,,,
3,1681399965638,13/04/2023 15:32:45,1681399799502,-4,13/04/2023 11:29:59,127771,4,task-75vj,,28849811,BLIND,8587316,,complete,,,computer,Desktop or Laptop,Windows 10,Chrome 111.0.0.0,1920x1200,1920x1089,,Perceptual Organization Pilot - Audio,78,,,,,SD-AP,Practice Good,BA,Practice Good,BA,V4-AP-practice1,V4-AP-practice1,2,1,1,Screen 1,Zone1,content_web_audio,0.5,,,AUDIO PLAY REQUESTED,1,0,1,0,,,,,1,task-ap-feedback,Block_5_female_1speaker_absent_pitch_6_serial_4_1fixed_prac.wav,,,prac_corr,### pitch,,absent,6,10,2000,"['AI_da-changeduration_Stretch__0_4-changepitchmedian_200__0-changesemitones_8.wav'
 'AI_da-changeduration_Stretch__0_4-changepitchmedian_200__0-changesemitones_16.wav'
 'AI_da-changeduration_Stretch__0_4-changepitchmedian_200__0-changesemitones_-8.wav'
 'AI_da-changeduration_Stretch__0_4-changepitchmedian_200__0-changesemitones_-12.wav'
 'AI_da-changeduration_Stretch__0_4-changepitchmedian_200__0-changesemitones_-4.wav'
 'AI_da-changeduration_Stretch__0_4-changepitchmedian_200__0-changesemitones_12.wav']",AI_da-changeduration_Stretch__0_4-changepitchmedian_200__0-changesemitones_4.wav,4,,fixed
4,1681399970364,13/04/2023 15:32:50,1681399804357,-4,13/04/2023 11:30:04,127771,4,task-75vj,,28849811,BLIND,8587316,,complete,,,computer,Desktop or Laptop,Windows 10,Chrome 111.0.0.0,1920x1200,1920x1089,,Perceptual Organization Pilot - Audio,78,,,,,SD-AP,Practice Good,BA,Practice Good,BA,V4-AP-practice1,V4-AP-practice1,2,1,1,Screen 1,Zone1,content_web_audio,4855.4000000059605,,,,,0,1,0,,,,,1,task-ap-feedback,Block_5_female_1speaker_absent_pitch_6_serial_4_1fixed_prac.wav,,,prac_corr,### pitch,,absent,6,10,2000,"['AI_da-changeduration_Stretch__0_4-changepitchmedian_200__0-changesemitones_8.wav'
 'AI_da-changeduration_Stretch__0_4-changepitchmedian_200__0-changesemitones_16.wav'
 'AI_da-changeduration_Stretch__0_4-changepitchmedian_200__0-changesemitones_-8.wav'
 'AI_da-changeduration_Stretch__0_4-changepitchmedian_200__0-changesemitones_-12.wav'
 'AI_da-changeduration_Stretch__0_4-changepitchmedian_200__0-changesemitones_-4.wav'
 'AI_da-changeduration_Stretch__0_4-changepitchmedian_200__0-changesemitones_12.wav']",AI_da-changeduration_Stretch__0_4-changepitchmedian_200__0-changesemitones_4.wav,4,,fixed
5,1681399976819,13/04/2023 15:32:56,1681399810793,-4,13/04/2023 11:30:10,127771,4,task-75vj,,28849811,BLIND,8587316,,complete,,,computer,Desktop or Laptop,Windows 10,Chrome 111.0.0.0,1920x1200,1920x1089,,Perceptual Organization Pilot - Audio,78,,,,,SD-AP,Practice Good,BA,Practice Good,BA,V4-AP-practice1,V4-AP-practice1,2,1,2,Screen 2,buttonA,response_button_text,6426.0999999940395,,,present,1,0,1,0,,,,,1,task-ap-feedback,Block_5_female_1speaker_absent_pitch_6_serial_4_1fixed_prac.wav,,,prac_corr,### pitch,,absent,6,10,2000,"['AI_da-changeduration_Stretch__0_4-changepitchmedian_200__0-changesemitones_8.wav'
 'AI_da-changeduration_Stretch__0_4-changepitchmedian_200__0-changesemitones_16.wav'
 'AI_da-changeduration_Stretch__0_4-changepitchmedian_200__0-changesemitones_-8.wav'
 'AI_da-changeduration_Stretch__0_4-changepitchmedian_200__0-changesemitones_-12.wav'
 'AI_da-changeduration_Stretch__0_4-changepitchmedian_200__0-changesemitones_-4.wav'
 'AI_da-changeduration_Stretch__0_4-changepitchmedian_200__0-changesemitones_12.wav']",AI_da-changeduration_Stretch__0_4-changepitchmedian_200__0-changesemitones_4.wav,4,,fixed
6,1681399977290,13/04/2023 15:32:57,1681399811287,-4,13/04/2023 11:30:11,127771,4,task-75vj,,28849811,BLIND,8587316,,complete,,,computer,Desktop or Laptop,Windows 10,Chrome 111.0.0.0,1920x1200,1920x1089,,Perceptual Organization Pilot - Audio,78,,,,,SD-AP,Practice Good,BA,Practice Good,BA,V4-AP-practice1,V4-AP-practice1,5,2,1,Screen 1,Zone1,content_web_audio,0.4000000059604645,,,AUDIO PLAY REQUESTED,1,0,1,0,,,,,1,task-ap-feedback,Block_5_male_1speaker_absent_pitch_6_serial_2_1rand_prac.wav,,,prac_corr,### pitch,,absent,6,10,2000,"['AP_gee-changeduration_Stretch__0_4-changepitchmedian_100__0-changesemitones_-8.wav'
 'AP_da-changeduration_Stretch__0_4-changepitchmedian_100__0-changesemitones_12.wav'
 'AP_goo-changeduration_Stretch__0_4-changepitchmedian_100__0-changesemitones_-16.wav'
 'AP_bee-changeduration_Stretch__0_4-changepitchmedian_100__0-changesemitones_-12.wav'
 'AP_boo-changeduration_Stretch__0_4-changepitchmedian_100__0-changesemitones_-4.wav'
 'AP_doo-changeduration_Stretch__0_4-changepitchmedian_100__0-changesemitones_4.wav']",AP_dee-changeduration_Stretch__0_4-changepitchmedian_100__0-changesemitones_16.wav,2,,rand
7,1681399982160,13/04/2023 15:33:02,1681399816138,-4,13/04/2023 11:30:16,127771,4,task-75vj,,28849811,BLIND,8587316,,complete,,,computer,Desktop or Laptop,Windows 10,Chrome 111.0.0.0,1920x1200,1920x1089,,Perceptual Organization Pilot - Audio,78,,,,,SD-AP,Practice Good,BA,Practice Good,BA,V4-AP-practice1,V4-AP-practice1,5,2,1,Screen 1,Zone1,content_web_audio,4850.699999988079,,,,,0,1,0,,,,,1,task-ap-feedback,Block_5_male_1speaker_absent_pitch_6_serial_2_1rand_prac.wav,,,prac_corr,### pitch,,absent,6,10,2000,"['AP_gee-changeduration_Stretch__0_4-changepitchmedian_100__0-changesemitones_-8.wav'
 'AP_da-changeduration_Stretch__0_4-changepitchmedian_100__0-changesemitones_12.wav'
 'AP_goo-changeduration_Stretch__0_4-changepitchmedian_100__0-changesemitones_-16.wav'
 'AP_bee-changeduration_Stretch__0_4-changepitchmedian_100__0-changesemitones_-12.wav'
 'AP_boo-changeduration_Stretch__0_4-changepitchmedian_100__0-changesemitones_-4.wav'
 'AP_doo-changeduration_Stretch__0_4-changepitchmedian_100__0-changesemitones_4.wav']",AP_dee-changeduration_Stretch__0_4-changepitchmedian_100__0-changesemitones_16.wav,2,,rand
8,1681399986633,13/04/2023 15:33:06,1681399820625,-4,13/04/2023 11:30:20,127771,4,task-75vj,,28849811,BLIND,8587316,,complete,,,computer,Desktop or Laptop,Windows 10,Chrome 111.0.0.0,1920x1200,1920x1089,,Perceptual Organization Pilot - Audio,78,,,,,SD-AP,Practice Good,BA,Practice Good,BA,V4-AP-practice1,V4-AP-practice1,5,2,2,Screen 2,buttonB,response_button_text,4476.299999982119,,,absent,1,1,0,0,,,,,1,task-ap-feedback,Block_5_male_1speaker_absent_pitch_6_serial_2_1rand_prac.wav,,,prac_corr,### pitch,,absent,6,10,2000,"['AP_gee-changeduration_Stretch__0_4-changepitchmedian_100__0-changesemitones_-8.wav'
 'AP_da-changeduration_Stretch__0_4-changepitchmedian_100__0-changesemitones_12.wav'
 'AP_goo-changeduration_Stretch__0_4-changepitchmedian_100__0-changesemitones_-16.wav'
 'AP_bee-changeduration_Stretch__0_4-changepitchmedian_100__0-changesemitones_-12.wav'
 'AP_boo-changeduration_Stretch__0_4-changepitchmedian_100__0-changesemitones_-4.wav'
 'AP_doo-changeduration_Stretch__0_4-changepitchmedian_100__0-changesemitones_4.wav']",AP_dee-changeduration_Stretch__0_4-changepitchmedian_100__0-changesemitones_16.wav,2,,rand
9,1681399987140,13/04/2023 15:33:07,1681399821124,-4,13/04/2023 11:30:21,127771,4,task-75vj,,28849811,BLIND,8587316,,complete,,,computer,Desktop or Laptop,Windows 10,Chrome 111.0.0.0,1920x1200,1920x1089,,Perceptual Organization Pilot - Audio,78,,,,,SD-AP,Practice Good,BA,Practice Good,BA,V4-AP-practice1,V4-AP-practice1,4,3,1,Screen 1,Zone1,content_web_audio,0.29999998211860657,,,AUDIO PLAY REQUESTED,1,0,1,0,,,,,1,task-ap-feedback,Block_5_female_1speaker_absent_pitch_6_serial_1_1rand_prac.wav,,,prac_corr,### pitch,,absent,6,10,2000,"['AI_doo-changeduration_Stretch__0_4-changepitchmedian_200__0-changesemitones_-4.wav'
 'AI_da-changeduration_Stretch__0_4-changepitchmedian_200__0.wav'
 'AI_gee-changeduration_Stretch__0_4-changepitchmedian_200__0-changesemitones_-16.wav'
 'AI_ba-changeduration_Stretch__0_4-changepitchmedian_200__0-changesemitones_8.wav'
 'AI_ga-changeduration_Stretch__0_4-changepitchmedian_200__0-changesemitones_4.wav'
 'AI_goo-changeduration_Stretch__0_4-changepitchmedian_200__0-changesemitones_12.wav']",AI_boo-changeduration_Stretch__0_4-changepitchmedian_200__0-changesemitones_-8.wav,1,,rand
10,1681399991982,13/04/2023 15:33:11,1681399825976,-4,13/04/2023 11:30:25,127771,4,task-75vj,,28849811,BLIND,8587316,,complete,,,computer,Desktop or Laptop,Windows 10,Chrome 111.0.0.0,1920x1200,1920x1089,,Perceptual Organization Pilot - Audio,78,,,,,SD-AP,Practice Good,BA,Practice Good,BA,V4-AP-practice1,V4-AP-practice1,4,3,1,Screen 1,Zone1,content_web_audio,4851.699999988079,,,,,0,1,0,,,,,1,task-ap-feedback,Block_5_female_1speaker_absent_pitch_6_serial_1_1rand_prac.wav,,,prac_corr,### pitch,,absent,6,10,2000,"['AI_doo-changeduration_Stretch__0_4-changepitchmedian_200__0-changesemitones_-4.wav'
 'AI_da-changeduration_Stretch__0_4-changepitchmedian_200__0.wav'
 'AI_gee-changeduration_Stretch__0_4-changepitchmedian_200__0-changesemitones_-16.wav'
 'AI_ba-changeduration_Stretch__0_4-changepitchmedian_200__0-changesemitones_8.wav'
 'AI_ga-changeduration_Stretch__0_4-changepitchmedian_200__0-changesemitones_4.wav'
 'AI_goo-changeduration_Stretch__0_4-changepitchmedian_200__0-changesemitones_12.wav']",AI_boo-changeduration_Stretch__0_4-changepitchmedian_200__0-changesemitones_-8.wav,1,,rand
11,1681399994617,13/04/2023 15:33:14,1681399828608,-4,13/04/2023 11:30:28,127771,4,task-75vj,,28849811,BLIND,8587316,,complete,,,computer,Desktop or Laptop,Windows 10,Chrome 111.0.0.0,1920x1200,1920x1089,,Perceptual Organization Pilot - Audio,78,,,,,SD-AP,Practice Good,BA,Practice Good,BA,V4-AP-practice1,V4-AP-practice1,4,3,2,Screen 2,buttonA,response_button_text,2622.199999988079,,,present,1,0,1,0,,,,,1,task-ap-feedback,Block_5_female_1speaker_absent_pitch_6_serial_1_1rand_prac.wav,,,prac_corr,### pitch,,absent,6,10,2000,"['AI_doo-changeduration_Stretch__0_4-changepitchmedian_200__0-changesemitones_-4.wav'
 'AI_da-changeduration_Stretch__0_4-changepitchmedian_200__0.wav'
 'AI_gee-changeduration_Stretch__0_4-changepitchmedian_200__0-changesemitones_-16.wav'
 'AI_ba-changeduration_Stretch__0_4-changepitchmedian_200__0-changesemitones_8.wav'
 'AI_ga-changeduration_Stretch__0_4-changepitchmedian_200__0-changesemitones_4.wav'
 'AI_goo-changeduration_Stretch__0_4-changepitchmedian_200__0-changesemitones_12.wav']",AI_boo-changeduration_Stretch__0_4-changepitchmedian_200__0-changesemitones_-8.wav,1,,rand
12,1681399995105,13/04/2023 15:33:15,1681399829097,-4,13/04/2023 11:30:29,127771,4,task-75vj,,28849811,BLIND,8587316,,complete,,,computer,Desktop or Laptop,Windows 10,Chrome 111.0.0.0,1920x1200,1920x1089,,Perceptual Organization Pilot - Audio,78,,,,,SD-AP,Practice Good,BA,Practice Good,BA,V4-AP-practice1,V4-AP-practice1,3,4,1,Screen 1,Zone1,content_web_audio,0.29999998211860657,,,AUDIO PLAY REQUESTED,1,0,1,0,,,,,1,task-ap-feedback,Block_5_male_1speaker_present_pitch_6_serial_0_1fixed_prac.wav,,,prac_corr,### pitch,,present,6,10,2000,"['AP_boo-changeduration_Stretch__0_4-changepitchmedian_100__0-changesemitones_4.wav'
 'AP_boo-changeduration_Stretch__0_4-changepitchmedian_100__0-changesemitones_-16.wav'
 'AP_boo-changeduration_Stretch__0_4-changepitchmedian_100__0.wav'
 'AP_boo-changeduration_Stretch__0_4-changepitchmedian_100__0-changesemitones_-12.wav'
 'AP_boo-changeduration_Stretch__0_4-changepitchmedian_100__0-changesemitones_-8.wav'
 'AP_boo-changeduration_Stretch__0_4-changepitchmedian_100__0-changesemitones_-4.wav']",AP_boo-changeduration_Stretch__0_4-changepitchmedian_100__0-changesemitones_4.wav,0,,fixed
13,1681399999979,13/04/2023 15:33:19,1681399833949,-4,13/04/2023 11:30:33,127771,4,task-75vj,,28849811,BLIND,8587316,,complete,,,computer,Desktop or Laptop,Windows 10,Chrome 111.0.0.0,1920x1200,1920x1089,,Perceptual Organization Pilot - Audio,78,,,,,SD-AP,Practice Good,BA,Practice Good,BA,V4-AP-practice1,V4-AP-practice1,3,4,1,Screen 1,Zone1,content_web_audio,4852.0999999940395,,,,,0,1,0,,,,,1,task-ap-feedback,Block_5_male_1speaker_present_pitch_6_serial_0_1fixed_prac.wav,,,prac_corr,### pitch,,present,6,10,2000,"['AP_boo-changeduration_Stretch__0_4-changepitchmedian_100__0-changesemitones_4.wav'
 'AP_boo-changeduration_Stretch__0_4-changepitchmedian_100__0-changesemitones_-16.wav'
 'AP_boo-changeduration_Stretch__0_4-changepitchmedian_100__0.wav'
 'AP_boo-changeduration_Stretch__0_4-changepitchmedian_100__0-changesemitones_-12.wav'
 'AP_boo-changeduration_Stretch__0_4-changepitchmedian_100__0-changesemitones_-8.wav'
 'AP_boo-changeduration_Stretch__0_4-changepitchmedian_100__0-changesemitones_-4.wav']",AP_boo-changeduration_Stretch__0_4-changepitchmedian_100__0-changesemitones_4.wav,0,,fixed
14,1681400003407,13/04/2023 15:33:23,1681399837401,-4,13/04/2023 11:30:37,127771,4,task-75vj,,28849811,BLIND,8587316,,complete,,,computer,Desktop or Laptop,Windows 10,Chrome 111.0.0.0,1920x1200,1920x1089,,Perceptual Organization Pilot - Audio,78,,,,,SD-AP,Practice Good,BA,Practice Good,BA,V4-AP-practice1,V4-AP-practice1,3,4,2,Screen 2,buttonA,response_button_text,3440.5,,,present,1,1,0,0,,,,,1,task-ap-feedback,Block_5_male_1speaker_present_pitch_6_serial_0_1fixed_prac.wav,,,prac_corr,### pitch,,present,6,10,2000,"['AP_boo-changeduration_Stretch__0_4-changepitchmedian_100__0-changesemitones_4.wav'
 'AP_boo-changeduration_Stretch__0_4-changepitchmedian_100__0-changesemitones_-16.wav'
 'AP_boo-changeduration_Stretch__0_4-changepitchmedian_100__0.wav'
 'AP_boo-changeduration_Stretch__0_4-changepitchmedian_100__0-changesemitones_-12.wav'
 'AP_boo-changeduration_Stretch__0_4-changepitchmedian_100__0-changesemitones_-8.wav'
 'AP_boo-changeduration_Stretch__0_4-changepitchmedian_100__0-changesemitones_-4.wav']",AP_boo-changeduration_Stretch__0_4-changepitchmedian_100__0-changesemitones_4.wav,0,,fixed
15,1681400007403,13/04/2023 15:33:27,1681399841390,-4,13/04/2023 11:30:41,127771,4,task-75vj,,28849811,BLIND,8587316,,complete,,,computer,Desktop or Laptop,Windows 10,Chrome 111.0.0.0,1920x1200,1920x1089,,Perceptual Organization Pilot - Audio,78,,,,,SD-AP,Practice Good,BA,Practice Good,BA,V4-AP-practice1,V4-AP-practice1,6,2,1,Screen 1,advancementZone,continue_button,3485.2000000178814,,,,,0,1,0,,,,,,text,,,"<p style=""font-size: 32px;""> In this final practice section, you will hear a sequence of syllables with different pitches, a pause, then a single syllable. Your task is to determine whether the SYLLABLE itself was present or absent from the sequence. </p>",,,,,,,,,,,,
16,1681400007507,13/04/2023 15:33:27,1681399841396,-4,13/04/2023 11:30:41,127771,4,task-75vj,,28849811,BLIND,8587316,,complete,,,computer,Desktop or Laptop,Windows 10,Chrome 111.0.0.0,1920x1200,1920x1089,,Perceptual Organization Pilot - Audio,78,,,,,SD-AP,Practice Good,BA,Practice Good,BA,V4-AP-practice1,V4-AP-practice1,10,5,1,Screen 1,Zone1,content_web_audio,0.30000001192092896,,,AUDIO PLAY REQUESTED,1,0,1,0,,,,,2,task-ap-feedback,Block_5_male_1speaker_absent_word_6_serial_1_1rand_prac.wav,,,prac_corr,### word,,absent,6,10,2000,"['AP_goo-changeduration_Stretch__0_4-changepitchmedian_100__0-changesemitones_4.wav'
 'AP_ba-changeduration_Stretch__0_4-changepitchmedian_100__0-changesemitones_8.wav'
 'AP_doo-changeduration_Stretch__0_4-changepitchmedian_100__0-changesemitones_16.wav'
 'AP_boo-changeduration_Stretch__0_4-changepitchmedian_100__0-changesemitones_-12.wav'
 'AP_dee-changeduration_Stretch__0_4-changepitchmedian_100__0-changesemitones_12.wav'
 'AP_ga-changeduration_Stretch__0_4-changepitchmedian_100__0-changesemitones_-4.wav']",AP_gee-changeduration_Stretch__0_4-changepitchmedian_100__0-changesemitones_-16.wav,1,,rand
17,1681400012263,13/04/2023 15:33:32,1681399846246,-4,13/04/2023 11:30:46,127771,4,task-75vj,,28849811,BLIND,8587316,,complete,,,computer,Desktop or Laptop,Windows 10,Chrome 111.0.0.0,1920x1200,1920x1089,,Perceptual Organization Pilot - Audio,78,,,,,SD-AP,Practice Good,BA,Practice Good,BA,V4-AP-practice1,V4-AP-practice1,10,5,1,Screen 1,Zone1,content_web_audio,4850.4000000059605,,,,,0,1,0,,,,,2,task-ap-feedback,Block_5_male_1speaker_absent_word_6_serial_1_1rand_prac.wav,,,prac_corr,### word,,absent,6,10,2000,"['AP_goo-changeduration_Stretch__0_4-changepitchmedian_100__0-changesemitones_4.wav'
 'AP_ba-changeduration_Stretch__0_4-changepitchmedian_100__0-changesemitones_8.wav'
 'AP_doo-changeduration_Stretch__0_4-changepitchmedian_100__0-changesemitones_16.wav'
 'AP_boo-changeduration_Stretch__0_4-changepitchmedian_100__0-changesemitones_-12.wav'
 'AP_dee-changeduration_Stretch__0_4-changepitchmedian_100__0-changesemitones_12.wav'
 'AP_ga-changeduration_Stretch__0_4-changepitchmedian_100__0-changesemitones_-4.wav']",AP_gee-changeduration_Stretch__0_4-changepitchmedian_100__0-changesemitones_-16.wav,1,,rand
18,1681400014044,13/04/2023 15:33:34,1681399848040,-4,13/04/2023 11:30:48,127771,4,task-75vj,,28849811,BLIND,8587316,,complete,,,computer,Desktop or Laptop,Windows 10,Chrome 111.0.0.0,1920x1200,1920x1089,,Perceptual Organization Pilot - Audio,78,,,,,SD-AP,Practice Good,BA,Practice Good,BA,V4-AP-practice1,V4-AP-practice1,10,5,2,Screen 2,buttonB,response_button_text,1770.7000000178814,,,absent,1,1,0,0,,,,,2,task-ap-feedback,Block_5_male_1speaker_absent_word_6_serial_1_1rand_prac.wav,,,prac_corr,### word,,absent,6,10,2000,"['AP_goo-changeduration_Stretch__0_4-changepitchmedian_100__0-changesemitones_4.wav'
 'AP_ba-changeduration_Stretch__0_4-changepitchmedian_100__0-changesemitones_8.wav'
 'AP_doo-changeduration_Stretch__0_4-changepitchmedian_100__0-changesemitones_16.wav'
 'AP_boo-changeduration_Stretch__0_4-changepitchmedian_100__0-changesemitones_-12.wav'
 'AP_dee-changeduration_Stretch__0_4-changepitchmedian_100__0-changesemitones_12.wav'
 'AP_ga-changeduration_Stretch__0_4-changepitchmedian_100__0-changesemitones_-4.wav']",AP_gee-changeduration_Stretch__0_4-changepitchmedian_100__0-changesemitones_-16.wav,1,,rand
19,1681400014553,13/04/2023 15:33:34,1681399848540,-4,13/04/2023 11:30:48,127771,4,task-75vj,,28849811,BLIND,8587316,,complete,,,computer,Desktop or Laptop,Windows 10,Chrome 111.0.0.0,1920x1200,1920x1089,,Perceptual Organization Pilot - Audio,78,,,,,SD-AP,Practice Good,BA,Practice Good,BA,V4-AP-practice1,V4-AP-practice1,7,6,1,Screen 1,Zone1,content_web_audio,0.699999988079071,,,AUDIO PLAY REQUESTED,1,0,1,0,,,,,2,task-ap-feedback,Block_5_female_1speaker_present_word_6_serial_1_1fixed_prac.wav,,,prac_corr,### word,,present,6,10,2000,"['AI_boo-changeduration_Stretch__0_4-changepitchmedian_200__0-changesemitones_-16.wav'
 'AI_ba-changeduration_Stretch__0_4-changepitchmedian_200__0-changesemitones_-16.wav'
 'AI_da-changeduration_Stretch__0_4-changepitchmedian_200__0-changesemitones_-16.wav'
 'AI_gee-changeduration_Stretch__0_4-changepitchmedian_200__0-changesemitones_-16.wav'
 'AI_ga-changeduration_Stretch__0_4-changepitchmedian_200__0-changesemitones_-16.wav'
 'AI_bee-changeduration_Stretch__0_4-changepitchmedian_200__0-changesemitones_-16.wav']",AI_ba-changeduration_Stretch__0_4-changepitchmedian_200__0-changesemitones_-16.wav,1,,fixed
20,1681400019394,13/04/2023 15:33:39,1681399853391,-4,13/04/2023 11:30:53,127771,4,task-75vj,,28849811,BLIND,8587316,,complete,,,computer,Desktop or Laptop,Windows 10,Chrome 111.0.0.0,1920x1200,1920x1089,,Perceptual Organization Pilot - Audio,78,,,,,SD-AP,Practice Good,BA,Practice Good,BA,V4-AP-practice1,V4-AP-practice1,7,6,1,Screen 1,Zone1,content_web_audio,4851.5999999940395,,,,,0,1,0,,,,,2,task-ap-feedback,Block_5_female_1speaker_present_word_6_serial_1_1fixed_prac.wav,,,prac_corr,### word,,present,6,10,2000,"['AI_boo-changeduration_Stretch__0_4-changepitchmedian_200__0-changesemitones_-16.wav'
 'AI_ba-changeduration_Stretch__0_4-changepitchmedian_200__0-changesemitones_-16.wav'
 'AI_da-changeduration_Stretch__0_4-changepitchmedian_200__0-changesemitones_-16.wav'
 'AI_gee-changeduration_Stretch__0_4-changepitchmedian_200__0-changesemitones_-16.wav'
 'AI_ga-changeduration_Stretch__0_4-changepitchmedian_200__0-changesemitones_-16.wav'
 'AI_bee-changeduration_Stretch__0_4-changepitchmedian_200__0-changesemitones_-16.wav']",AI_ba-changeduration_Stretch__0_4-changepitchmedian_200__0-changesemitones_-16.wav,1,,fixed
21,1681400023564,13/04/2023 15:33:43,1681399857560,-4,13/04/2023 11:30:57,127771,4,task-75vj,,28849811,BLIND,8587316,,complete,,,computer,Desktop or Laptop,Windows 10,Chrome 111.0.0.0,1920x1200,1920x1089,,Perceptual Organization Pilot - Audio,78,,,,,SD-AP,Practice Good,BA,Practice Good,BA,V4-AP-practice1,V4-AP-practice1,7,6,2,Screen 2,buttonA,response_button_text,4161.9000000059605,,,present,1,1,0,0,,,,,2,task-ap-feedback,Block_5_female_1speaker_present_word_6_serial_1_1fixed_prac.wav,,,prac_corr,### word,,present,6,10,2000,"['AI_boo-changeduration_Stretch__0_4-changepitchmedian_200__0-changesemitones_-16.wav'
 'AI_ba-changeduration_Stretch__0_4-changepitchmedian_200__0-changesemitones_-16.wav'
 'AI_da-changeduration_Stretch__0_4-changepitchmedian_200__0-changesemitones_-16.wav'
 'AI_gee-changeduration_Stretch__0_4-changepitchmedian_200__0-changesemitones_-16.wav'
 'AI_ga-changeduration_Stretch__0_4-changepitchmedian_200__0-changesemitones_-16.wav'
 'AI_bee-changeduration_Stretch__0_4-changepitchmedian_200__0-changesemitones_-16.wav']",AI_ba-changeduration_Stretch__0_4-changepitchmedian_200__0-changesemitones_-16.wav,1,,fixed
22,1681400024072,13/04/2023 15:33:44,1681399858055,-4,13/04/2023 11:30:58,127771,4,task-75vj,,28849811,BLIND,8587316,,complete,,,computer,Desktop or Laptop,Windows 10,Chrome 111.0.0.0,1920x1200,1920x1089,,Perceptual Organization Pilot - Audio,78,,,,,SD-AP,Practice Good,BA,Practice Good,BA,V4-AP-practice1,V4-AP-practice1,9,7,1,Screen 1,Zone1,content_web_audio,0.30000001192092896,,,AUDIO PLAY REQUESTED,1,0,1,0,,,,,2,task-ap-feedback,Block_5_female_1speaker_present_word_6_serial_4_1rand_prac.wav,,,prac_corr,### word,,present,6,10,2000,"['AI_goo-changeduration_Stretch__0_4-changepitchmedian_200__0-changesemitones_12.wav'
 'AI_da-changeduration_Stretch__0_4-changepitchmedian_200__0-changesemitones_4.wav'
 'AI_boo-changeduration_Stretch__0_4-changepitchmedian_200__0-changesemitones_8.wav'
 'AI_dee-changeduration_Stretch__0_4-changepitchmedian_200__0-changesemitones_16.wav'
 'AI_bee-changeduration_Stretch__0_4-changepitchmedian_200__0-changesemitones_-16.wav'
 'AI_ga-changeduration_Stretch__0_4-changepitchmedian_200__0.wav']",AI_bee-changeduration_Stretch__0_4-changepitchmedian_200__0-changesemitones_-4.wav,4,,rand
23,1681400028921,13/04/2023 15:33:48,1681399862907,-4,13/04/2023 11:31:02,127771,4,task-75vj,,28849811,BLIND,8587316,,complete,,,computer,Desktop or Laptop,Windows 10,Chrome 111.0.0.0,1920x1200,1920x1089,,Perceptual Organization Pilot - Audio,78,,,,,SD-AP,Practice Good,BA,Practice Good,BA,V4-AP-practice1,V4-AP-practice1,9,7,1,Screen 1,Zone1,content_web_audio,4852,,,,,0,1,0,,,,,2,task-ap-feedback,Block_5_female_1speaker_present_word_6_serial_4_1rand_prac.wav,,,prac_corr,### word,,present,6,10,2000,"['AI_goo-changeduration_Stretch__0_4-changepitchmedian_200__0-changesemitones_12.wav'
 'AI_da-changeduration_Stretch__0_4-changepitchmedian_200__0-changesemitones_4.wav'
 'AI_boo-changeduration_Stretch__0_4-changepitchmedian_200__0-changesemitones_8.wav'
 'AI_dee-changeduration_Stretch__0_4-changepitchmedian_200__0-changesemitones_16.wav'
 'AI_bee-changeduration_Stretch__0_4-changepitchmedian_200__0-changesemitones_-16.wav'
 'AI_ga-changeduration_Stretch__0_4-changepitchmedian_200__0.wav']",AI_bee-changeduration_Stretch__0_4-changepitchmedian_200__0-changesemitones_-4.wav,4,,rand
24,1681400035288,13/04/2023 15:33:55,1681399869280,-4,13/04/2023 11:31:09,127771,4,task-75vj,,28849811,BLIND,8587316,,complete,,,computer,Desktop or Laptop,Windows 10,Chrome 111.0.0.0,1920x1200,1920x1089,,Perceptual Organization Pilot - Audio,78,,,,,SD-AP,Practice Good,BA,Practice Good,BA,V4-AP-practice1,V4-AP-practice1,9,7,2,Screen 2,buttonA,response_button_text,6362.5999999940395,,,present,1,1,0,0,,,,,2,task-ap-feedback,Block_5_female_1speaker_present_word_6_serial_4_1rand_prac.wav,,,prac_corr,### word,,present,6,10,2000,"['AI_goo-changeduration_Stretch__0_4-changepitchmedian_200__0-changesemitones_12.wav'
 'AI_da-changeduration_Stretch__0_4-changepitchmedian_200__0-changesemitones_4.wav'
 'AI_boo-changeduration_Stretch__0_4-changepitchmedian_200__0-changesemitones_8.wav'
 'AI_dee-changeduration_Stretch__0_4-changepitchmedian_200__0-changesemitones_16.wav'
 'AI_bee-changeduration_Stretch__0_4-changepitchmedian_200__0-changesemitones_-16.wav'
 'AI_ga-changeduration_Stretch__0_4-changepitchmedian_200__0.wav']",AI_bee-changeduration_Stretch__0_4-changepitchmedian_200__0-changesemitones_-4.wav,4,,rand
25,1681400035792,13/04/2023 15:33:55,1681399869780,-4,13/04/2023 11:31:09,127771,4,task-75vj,,28849811,BLIND,8587316,,complete,,,computer,Desktop or Laptop,Windows 10,Chrome 111.0.0.0,1920x1200,1920x1089,,Perceptual Organization Pilot - Audio,78,,,,,SD-AP,Practice Good,BA,Practice Good,BA,V4-AP-practice1,V4-AP-practice1,8,8,1,Screen 1,Zone1,content_web_audio,0.20000001788139343,,,AUDIO PLAY REQUESTED,1,0,1,0,,,,,2,task-ap-feedback,Block_5_male_1speaker_absent_word_6_serial_1_1fixed_prac.wav,,,prac_corr,### word,,absent,6,10,2000,"['AP_doo-changeduration_Stretch__0_4-changepitchmedian_100__0-changesemitones_12.wav'
 'AP_gee-changeduration_Stretch__0_4-changepitchmedian_100__0-changesemitones_12.wav'
 'AP_boo-changeduration_Stretch__0_4-changepitchmedian_100__0-changesemitones_12.wav'
 'AP_bee-changeduration_Stretch__0_4-changepitchmedian_100__0-changesemitones_12.wav'
 'AP_goo-changeduration_Stretch__0_4-changepitchmedian_100__0-changesemitones_12.wav'
 'AP_da-changeduration_Stretch__0_4-changepitchmedian_100__0-changesemitones_12.wav']",AP_ba-changeduration_Stretch__0_4-changepitchmedian_100__0-changesemitones_12.wav,1,,fixed
26,1681400040641,13/04/2023 15:34:00,1681399874632,-4,13/04/2023 11:31:14,127771,4,task-75vj,,28849811,BLIND,8587316,,complete,,,computer,Desktop or Laptop,Windows 10,Chrome 111.0.0.0,1920x1200,1920x1089,,Perceptual Organization Pilot - Audio,78,,,,,SD-AP,Practice Good,BA,Practice Good,BA,V4-AP-practice1,V4-AP-practice1,8,8,1,Screen 1,Zone1,content_web_audio,4851.100000023842,,,,,0,1,0,,,,,2,task-ap-feedback,Block_5_male_1speaker_absent_word_6_serial_1_1fixed_prac.wav,,,prac_corr,### word,,absent,6,10,2000,"['AP_doo-changeduration_Stretch__0_4-changepitchmedian_100__0-changesemitones_12.wav'
 'AP_gee-changeduration_Stretch__0_4-changepitchmedian_100__0-changesemitones_12.wav'
 'AP_boo-changeduration_Stretch__0_4-changepitchmedian_100__0-changesemitones_12.wav'
 'AP_bee-changeduration_Stretch__0_4-changepitchmedian_100__0-changesemitones_12.wav'
 'AP_goo-changeduration_Stretch__0_4-changepitchmedian_100__0-changesemitones_12.wav'
 'AP_da-changeduration_Stretch__0_4-changepitchmedian_100__0-changesemitones_12.wav']",AP_ba-changeduration_Stretch__0_4-changepitchmedian_100__0-changesemitones_12.wav,1,,fixed
27,1681400042601,13/04/2023 15:34:02,1681399876591,-4,13/04/2023 11:31:16,127771,4,task-75vj,,28849811,BLIND,8587316,,complete,,,computer,Desktop or Laptop,Windows 10,Chrome 111.0.0.0,1920x1200,1920x1089,,Perceptual Organization Pilot - Audio,78,,,,,SD-AP,Practice Good,BA,Practice Good,BA,V4-AP-practice1,V4-AP-practice1,8,8,2,Screen 2,buttonB,response_button_text,1935.5,,,absent,1,1,0,0,,,,,2,task-ap-feedback,Block_5_male_1speaker_absent_word_6_serial_1_1fixed_prac.wav,,,prac_corr,### word,,absent,6,10,2000,"['AP_doo-changeduration_Stretch__0_4-changepitchmedian_100__0-changesemitones_12.wav'
 'AP_gee-changeduration_Stretch__0_4-changepitchmedian_100__0-changesemitones_12.wav'
 'AP_boo-changeduration_Stretch__0_4-changepitchmedian_100__0-changesemitones_12.wav'
 'AP_bee-changeduration_Stretch__0_4-changepitchmedian_100__0-changesemitones_12.wav'
 'AP_goo-changeduration_Stretch__0_4-changepitchmedian_100__0-changesemitones_12.wav'
 'AP_da-changeduration_Stretch__0_4-changepitchmedian_100__0-changesemitones_12.wav']",AP_ba-changeduration_Stretch__0_4-changepitchmedian_100__0-changesemitones_12.wav,1,,fixed
28,1681400043103,13/04/2023 15:34:03,1681399877082,-4,13/04/2023 11:31:17,127771,4,task-75vj,,28849811,BLIND,8587316,,complete,,,computer,Desktop or Laptop,Windows 10,Chrome 111.0.0.0,1920x1200,1920x1089,,Perceptual Organization Pilot - Audio,78,,,,,SD-AP,Practice Good,BA,Practice Good,BA,V4-AP-practice1,,,END TASK,,,,,87119,,,,,0,1,0,,,,,,,,,,,,,,,,,,,,,
END OF FILE
