Event Index,UTC Timestamp,UTC Date,Local Timestamp,Local Timezone,Local Date,Experiment ID,Experiment Version,Tree Node Key,Repeat Key,Schedule ID,Participant Public ID,Participant Private ID,Participant Starting Group,Participant Status,Participant Completion Code,Participant External Session ID,Participant Device Type,Participant Device,Participant OS,Participant Browser,Participant Monitor Size,Participant Viewport Size,Checkpoint,Task Name,Task Version,branch-fh7p,branch-inb7,order-l841,order-bvi9,randomiser-s4k1,branch-lfp6,order-svai,branch-8j67,order-md2h,Randomise questionnaire elements?,Question Key,Response
1,1681924302562,19/04/2023 17:11:42,1681924133100,-4,19/04/2023 13:08:53,127771,5,questionnaire-5dfn,,28971738,BLIND,8628266,,complete,,,computer,Desktop or Laptop,Windows 10,Chrome 112.0.0.0,1920x1200,1920x1089,,Debrief-Auditory,2,,,,,SD-AP,Practice Good,AB,Practice Bad,AB,No,BEGIN QUESTIONNAIRE,
2,1681924401262,19/04/2023 17:13:21,1681924231865,-4,19/04/2023 13:10:31,127771,5,questionnaire-5dfn,,28971738,BLIND,8628266,,complete,,,computer,Desktop or Laptop,Windows 10,Chrome 112.0.0.0,1920x1200,1920x1089,,Debrief-Auditory,2,,,,,SD-AP,Practice Good,AB,Practice Bad,AB,No,attention,4
3,1681924401390,19/04/2023 17:13:21,1681924231866,-4,19/04/2023 13:10:31,127771,5,questionnaire-5dfn,,28971738,BLIND,8628266,,complete,,,computer,Desktop or Laptop,Windows 10,Chrome 112.0.0.0,1920x1200,1920x1089,,Debrief-Auditory,2,,,,,SD-AP,Practice Good,AB,Practice Bad,AB,No,change-type-challenge,4
4,1681924401390,19/04/2023 17:13:21,1681924231866,-4,19/04/2023 13:10:31,127771,5,questionnaire-5dfn,,28971738,BLIND,8628266,,complete,,,computer,Desktop or Laptop,Windows 10,Chrome 112.0.0.0,1920x1200,1920x1089,,Debrief-Auditory,2,,,,,SD-AP,Practice Good,AB,Practice Bad,AB,No,strategy,"I mouth the syllables to myself, and I pretend to play the pitches on a keyboard to remember whether they go up or down"
5,1681924401390,19/04/2023 17:13:21,1681924231866,-4,19/04/2023 13:10:31,127771,5,questionnaire-5dfn,,28971738,BLIND,8628266,,complete,,,computer,Desktop or Laptop,Windows 10,Chrome 112.0.0.0,1920x1200,1920x1089,,Debrief-Auditory,2,,,,,SD-AP,Practice Good,AB,Practice Bad,AB,No,END QUESTIONNAIRE,98767
1,1681936965972,19/04/2023 20:42:45,1681936796478,-4,19/04/2023 16:39:56,127771,5,questionnaire-5dfn,,28976357,BLIND,8629404,,complete,,,computer,Desktop or Laptop,Windows 10,Chrome 112.0.0.0,1920x1200,1920x1089,,Debrief-Auditory,2,Practice Good,Practice Good,BA,BA,AP-SD,,,,,No,BEGIN QUESTIONNAIRE,
2,1681937049268,19/04/2023 20:44:09,1681936879798,-4,19/04/2023 16:41:19,127771,5,questionnaire-5dfn,,28976357,BLIND,8629404,,complete,,,computer,Desktop or Laptop,Windows 10,Chrome 112.0.0.0,1920x1200,1920x1089,,Debrief-Auditory,2,Practice Good,Practice Good,BA,BA,AP-SD,,,,,No,attention,4
3,1681937049376,19/04/2023 20:44:09,1681936879799,-4,19/04/2023 16:41:19,127771,5,questionnaire-5dfn,,28976357,BLIND,8629404,,complete,,,computer,Desktop or Laptop,Windows 10,Chrome 112.0.0.0,1920x1200,1920x1089,,Debrief-Auditory,2,Practice Good,Practice Good,BA,BA,AP-SD,,,,,No,change-type-challenge,3
4,1681937049376,19/04/2023 20:44:09,1681936879799,-4,19/04/2023 16:41:19,127771,5,questionnaire-5dfn,,28976357,BLIND,8629404,,complete,,,computer,Desktop or Laptop,Windows 10,Chrome 112.0.0.0,1920x1200,1920x1089,,Debrief-Auditory,2,Practice Good,Practice Good,BA,BA,AP-SD,,,,,No,strategy,Sometimes I repeat the pitch or syluble in my head after the first sequence.
5,1681937049376,19/04/2023 20:44:09,1681936879799,-4,19/04/2023 16:41:19,127771,5,questionnaire-5dfn,,28976357,BLIND,8629404,,complete,,,computer,Desktop or Laptop,Windows 10,Chrome 112.0.0.0,1920x1200,1920x1089,,Debrief-Auditory,2,Practice Good,Practice Good,BA,BA,AP-SD,,,,,No,END QUESTIONNAIRE,83321
1,1682195499021,22/04/2023 20:31:39,1682195327227,-4,22/04/2023 16:28:47,127771,5,questionnaire-5dfn,,29036774,BLIND,8647390,,complete,,,computer,Desktop or Laptop,Windows 10,Chrome 112.0.0.0,1920x1200,1920x1089,,Debrief-Auditory,2,,,,,SD-AP,Practice Good,AB,Practice Bad,AB,No,BEGIN QUESTIONNAIRE,
2,1682195572229,22/04/2023 20:32:52,1682195400484,-4,22/04/2023 16:30:00,127771,5,questionnaire-5dfn,,29036774,BLIND,8647390,,complete,,,computer,Desktop or Laptop,Windows 10,Chrome 112.0.0.0,1920x1200,1920x1089,,Debrief-Auditory,2,,,,,SD-AP,Practice Good,AB,Practice Bad,AB,No,attention,5
3,1682195572360,22/04/2023 20:32:52,1682195400484,-4,22/04/2023 16:30:00,127771,5,questionnaire-5dfn,,29036774,BLIND,8647390,,complete,,,computer,Desktop or Laptop,Windows 10,Chrome 112.0.0.0,1920x1200,1920x1089,,Debrief-Auditory,2,,,,,SD-AP,Practice Good,AB,Practice Bad,AB,No,change-type-challenge,1
4,1682195572360,22/04/2023 20:32:52,1682195400485,-4,22/04/2023 16:30:00,127771,5,questionnaire-5dfn,,29036774,BLIND,8647390,,complete,,,computer,Desktop or Laptop,Windows 10,Chrome 112.0.0.0,1920x1200,1920x1089,,Debrief-Auditory,2,,,,,SD-AP,Practice Good,AB,Practice Bad,AB,No,strategy,"for pitches, I tried to trace the tones with my finger (like in a sequence, if tone was 1 3 5 4 2, id move my finger up and down with corresponding heights) "
5,1682195572360,22/04/2023 20:32:52,1682195400485,-4,22/04/2023 16:30:00,127771,5,questionnaire-5dfn,,29036774,BLIND,8647390,,complete,,,computer,Desktop or Laptop,Windows 10,Chrome 112.0.0.0,1920x1200,1920x1089,,Debrief-Auditory,2,,,,,SD-AP,Practice Good,AB,Practice Bad,AB,No,END QUESTIONNAIRE,73258
1,1682523476414,26/04/2023 15:37:56,1682523302761,-4,26/04/2023 11:35:02,127771,5,questionnaire-5dfn,,29128257,BLIND,8674337,,complete,,,computer,Desktop or Laptop,Windows 10,Chrome 112.0.0.0,1920x1200,1920x1089,,Debrief-Auditory,2,,,,,SD-AP,Practice Good,BA,Practice Good,BA,No,BEGIN QUESTIONNAIRE,
2,1682523539184,26/04/2023 15:38:59,1682523365606,-4,26/04/2023 11:36:05,127771,5,questionnaire-5dfn,,29128257,BLIND,8674337,,complete,,,computer,Desktop or Laptop,Windows 10,Chrome 112.0.0.0,1920x1200,1920x1089,,Debrief-Auditory,2,,,,,SD-AP,Practice Good,BA,Practice Good,BA,No,attention,2
3,1682523539303,26/04/2023 15:38:59,1682523365607,-4,26/04/2023 11:36:05,127771,5,questionnaire-5dfn,,29128257,BLIND,8674337,,complete,,,computer,Desktop or Laptop,Windows 10,Chrome 112.0.0.0,1920x1200,1920x1089,,Debrief-Auditory,2,,,,,SD-AP,Practice Good,BA,Practice Good,BA,No,change-type-challenge,1
4,1682523539303,26/04/2023 15:38:59,1682523365607,-4,26/04/2023 11:36:05,127771,5,questionnaire-5dfn,,29128257,BLIND,8674337,,complete,,,computer,Desktop or Laptop,Windows 10,Chrome 112.0.0.0,1920x1200,1920x1089,,Debrief-Auditory,2,,,,,SD-AP,Practice Good,BA,Practice Good,BA,No,strategy,"encode pitch in single syllable, intonation for syllable "
5,1682523539303,26/04/2023 15:38:59,1682523365607,-4,26/04/2023 11:36:05,127771,5,questionnaire-5dfn,,29128257,BLIND,8674337,,complete,,,computer,Desktop or Laptop,Windows 10,Chrome 112.0.0.0,1920x1200,1920x1089,,Debrief-Auditory,2,,,,,SD-AP,Practice Good,BA,Practice Good,BA,No,END QUESTIONNAIRE,62846
1,1682604936193,27/04/2023 14:15:36,1682604761884,-4,27/04/2023 10:12:41,127771,5,questionnaire-5dfn,,29149248,BLIND,8681584,,complete,,,computer,Desktop or Laptop,Windows 10,Chrome 112.0.0.0,1920x1200,1920x1089,,Debrief-Auditory,2,Practice Good,Practice Good,AB,AB,AP-SD,,,,,No,BEGIN QUESTIONNAIRE,
2,1682604986767,27/04/2023 14:16:26,1682604812468,-4,27/04/2023 10:13:32,127771,5,questionnaire-5dfn,,29149248,BLIND,8681584,,complete,,,computer,Desktop or Laptop,Windows 10,Chrome 112.0.0.0,1920x1200,1920x1089,,Debrief-Auditory,2,Practice Good,Practice Good,AB,AB,AP-SD,,,,,No,attention,3
3,1682604986888,27/04/2023 14:16:26,1682604812469,-4,27/04/2023 10:13:32,127771,5,questionnaire-5dfn,,29149248,BLIND,8681584,,complete,,,computer,Desktop or Laptop,Windows 10,Chrome 112.0.0.0,1920x1200,1920x1089,,Debrief-Auditory,2,Practice Good,Practice Good,AB,AB,AP-SD,,,,,No,change-type-challenge,4
4,1682604986888,27/04/2023 14:16:26,1682604812469,-4,27/04/2023 10:13:32,127771,5,questionnaire-5dfn,,29149248,BLIND,8681584,,complete,,,computer,Desktop or Laptop,Windows 10,Chrome 112.0.0.0,1920x1200,1920x1089,,Debrief-Auditory,2,Practice Good,Practice Good,AB,AB,AP-SD,,,,,No,strategy,For words I tried to recite them in my head
5,1682604986888,27/04/2023 14:16:26,1682604812469,-4,27/04/2023 10:13:32,127771,5,questionnaire-5dfn,,29149248,BLIND,8681584,,complete,,,computer,Desktop or Laptop,Windows 10,Chrome 112.0.0.0,1920x1200,1920x1089,,Debrief-Auditory,2,Practice Good,Practice Good,AB,AB,AP-SD,,,,,No,END QUESTIONNAIRE,50585
1,1682520761615,26/04/2023 14:52:41,1682520588022,-4,26/04/2023 10:49:48,127771,5,questionnaire-5dfn,,29126857,BLIND,8672436,,complete,,,computer,Desktop or Laptop,Windows 10,Chrome 112.0.0.0,1920x1200,1920x1089,,Debrief-Auditory,2,Practice Good,Practice Good,BA,BA,AP-SD,,,,,No,BEGIN QUESTIONNAIRE,
2,1682520783234,26/04/2023 14:53:03,1682520609666,-4,26/04/2023 10:50:09,127771,5,questionnaire-5dfn,,29126857,BLIND,8672436,,complete,,,computer,Desktop or Laptop,Windows 10,Chrome 112.0.0.0,1920x1200,1920x1089,,Debrief-Auditory,2,Practice Good,Practice Good,BA,BA,AP-SD,,,,,No,attention,4
3,1682520783349,26/04/2023 14:53:03,1682520609667,-4,26/04/2023 10:50:09,127771,5,questionnaire-5dfn,,29126857,BLIND,8672436,,complete,,,computer,Desktop or Laptop,Windows 10,Chrome 112.0.0.0,1920x1200,1920x1089,,Debrief-Auditory,2,Practice Good,Practice Good,BA,BA,AP-SD,,,,,No,change-type-challenge,2
4,1682520783349,26/04/2023 14:53:03,1682520609667,-4,26/04/2023 10:50:09,127771,5,questionnaire-5dfn,,29126857,BLIND,8672436,,complete,,,computer,Desktop or Laptop,Windows 10,Chrome 112.0.0.0,1920x1200,1920x1089,,Debrief-Auditory,2,Practice Good,Practice Good,BA,BA,AP-SD,,,,,No,strategy,
5,1682520783349,26/04/2023 14:53:03,1682520609667,-4,26/04/2023 10:50:09,127771,5,questionnaire-5dfn,,29126857,BLIND,8672436,,complete,,,computer,Desktop or Laptop,Windows 10,Chrome 112.0.0.0,1920x1200,1920x1089,,Debrief-Auditory,2,Practice Good,Practice Good,BA,BA,AP-SD,,,,,No,END QUESTIONNAIRE,21645
1,1682460076110,25/04/2023 22:01:16,1682459903338,-4,25/04/2023 17:58:23,127771,5,questionnaire-5dfn,,29106668,BLIND,8666980,,complete,,,computer,Desktop or Laptop,Windows 10,Chrome 112.0.0.0,1920x1200,1920x1089,,Debrief-Auditory,2,,,,,SD-AP,Practice Good,AB,Practice Good,AB,No,BEGIN QUESTIONNAIRE,
2,1682460158426,25/04/2023 22:02:38,1682459985726,-4,25/04/2023 17:59:45,127771,5,questionnaire-5dfn,,29106668,BLIND,8666980,,complete,,,computer,Desktop or Laptop,Windows 10,Chrome 112.0.0.0,1920x1200,1920x1089,,Debrief-Auditory,2,,,,,SD-AP,Practice Good,AB,Practice Good,AB,No,attention,3
3,1682460158558,25/04/2023 22:02:38,1682459985727,-4,25/04/2023 17:59:45,127771,5,questionnaire-5dfn,,29106668,BLIND,8666980,,complete,,,computer,Desktop or Laptop,Windows 10,Chrome 112.0.0.0,1920x1200,1920x1089,,Debrief-Auditory,2,,,,,SD-AP,Practice Good,AB,Practice Good,AB,No,change-type-challenge,1
4,1682460158558,25/04/2023 22:02:38,1682459985727,-4,25/04/2023 17:59:45,127771,5,questionnaire-5dfn,,29106668,BLIND,8666980,,complete,,,computer,Desktop or Laptop,Windows 10,Chrome 112.0.0.0,1920x1200,1920x1089,,Debrief-Auditory,2,,,,,SD-AP,Practice Good,AB,Practice Good,AB,No,strategy,"To remember the pitches I mainly tried to remember the directions between movements for the sequence matches, but had less of a strategy for the present/absent pairs. For the syllables, I vocalized the sequences as they came and attempted to break them into 2 or 3 syllable long chunks to better memorize them."
5,1682460158558,25/04/2023 22:02:38,1682459985727,-4,25/04/2023 17:59:45,127771,5,questionnaire-5dfn,,29106668,BLIND,8666980,,complete,,,computer,Desktop or Laptop,Windows 10,Chrome 112.0.0.0,1920x1200,1920x1089,,Debrief-Auditory,2,,,,,SD-AP,Practice Good,AB,Practice Good,AB,No,END QUESTIONNAIRE,82389
1,1682432617675,25/04/2023 14:23:37,1682432444615,-4,25/04/2023 10:20:44,127771,5,questionnaire-5dfn,,29093176,BLIND,8662854,,complete,,,computer,Desktop or Laptop,Windows 10,Chrome 112.0.0.0,1920x1200,1920x1089,,Debrief-Auditory,2,Practice Bad,Practice Bad,AB,AB,AP-SD,,,,,No,BEGIN QUESTIONNAIRE,
2,1682432639191,25/04/2023 14:23:59,1682432466149,-4,25/04/2023 10:21:06,127771,5,questionnaire-5dfn,,29093176,BLIND,8662854,,complete,,,computer,Desktop or Laptop,Windows 10,Chrome 112.0.0.0,1920x1200,1920x1089,,Debrief-Auditory,2,Practice Bad,Practice Bad,AB,AB,AP-SD,,,,,No,attention,3
3,1682432639305,25/04/2023 14:23:59,1682432466150,-4,25/04/2023 10:21:06,127771,5,questionnaire-5dfn,,29093176,BLIND,8662854,,complete,,,computer,Desktop or Laptop,Windows 10,Chrome 112.0.0.0,1920x1200,1920x1089,,Debrief-Auditory,2,Practice Bad,Practice Bad,AB,AB,AP-SD,,,,,No,change-type-challenge,4
4,1682432639305,25/04/2023 14:23:59,1682432466150,-4,25/04/2023 10:21:06,127771,5,questionnaire-5dfn,,29093176,BLIND,8662854,,complete,,,computer,Desktop or Laptop,Windows 10,Chrome 112.0.0.0,1920x1200,1920x1089,,Debrief-Auditory,2,Practice Bad,Practice Bad,AB,AB,AP-SD,,,,,No,strategy,
5,1682432639305,25/04/2023 14:23:59,1682432466150,-4,25/04/2023 10:21:06,127771,5,questionnaire-5dfn,,29093176,BLIND,8662854,,complete,,,computer,Desktop or Laptop,Windows 10,Chrome 112.0.0.0,1920x1200,1920x1089,,Debrief-Auditory,2,Practice Bad,Practice Bad,AB,AB,AP-SD,,,,,No,END QUESTIONNAIRE,21536
1,1682201666950,22/04/2023 22:14:26,1682201495650,-4,22/04/2023 18:11:35,127771,5,questionnaire-5dfn,,29037405,BLIND,8647664,,complete,,,computer,Desktop or Laptop,Windows 10,Chrome 112.0.0.0,1920x1200,1920x1089,,Debrief-Auditory,2,,,,,SD-AP,Practice Good,BA,Practice Bad,BA,No,BEGIN QUESTIONNAIRE,
2,1682201702048,22/04/2023 22:15:02,1682201530787,-4,22/04/2023 18:12:10,127771,5,questionnaire-5dfn,,29037405,BLIND,8647664,,complete,,,computer,Desktop or Laptop,Windows 10,Chrome 112.0.0.0,1920x1200,1920x1089,,Debrief-Auditory,2,,,,,SD-AP,Practice Good,BA,Practice Bad,BA,No,attention,2
3,1682201702175,22/04/2023 22:15:02,1682201530787,-4,22/04/2023 18:12:10,127771,5,questionnaire-5dfn,,29037405,BLIND,8647664,,complete,,,computer,Desktop or Laptop,Windows 10,Chrome 112.0.0.0,1920x1200,1920x1089,,Debrief-Auditory,2,,,,,SD-AP,Practice Good,BA,Practice Bad,BA,No,change-type-challenge,4
4,1682201702175,22/04/2023 22:15:02,1682201530787,-4,22/04/2023 18:12:10,127771,5,questionnaire-5dfn,,29037405,BLIND,8647664,,complete,,,computer,Desktop or Laptop,Windows 10,Chrome 112.0.0.0,1920x1200,1920x1089,,Debrief-Auditory,2,,,,,SD-AP,Practice Good,BA,Practice Bad,BA,No,strategy,
5,1682201702175,22/04/2023 22:15:02,1682201530788,-4,22/04/2023 18:12:10,127771,5,questionnaire-5dfn,,29037405,BLIND,8647664,,complete,,,computer,Desktop or Laptop,Windows 10,Chrome 112.0.0.0,1920x1200,1920x1089,,Debrief-Auditory,2,,,,,SD-AP,Practice Good,BA,Practice Bad,BA,No,END QUESTIONNAIRE,35138
1,1682185165707,22/04/2023 17:39:25,1682184993967,-4,22/04/2023 13:36:33,127771,5,questionnaire-5dfn,,29035057,BLIND,8646819,,complete,,,computer,Desktop or Laptop,Windows 10,Chrome 112.0.0.0,1920x1200,1920x1089,,Debrief-Auditory,2,Practice Good,Practice Good,BA,BA,AP-SD,,,,,No,BEGIN QUESTIONNAIRE,
2,1682185213467,22/04/2023 17:40:13,1682185041772,-4,22/04/2023 13:37:21,127771,5,questionnaire-5dfn,,29035057,BLIND,8646819,,complete,,,computer,Desktop or Laptop,Windows 10,Chrome 112.0.0.0,1920x1200,1920x1089,,Debrief-Auditory,2,Practice Good,Practice Good,BA,BA,AP-SD,,,,,No,attention,5
3,1682185213576,22/04/2023 17:40:13,1682185041773,-4,22/04/2023 13:37:21,127771,5,questionnaire-5dfn,,29035057,BLIND,8646819,,complete,,,computer,Desktop or Laptop,Windows 10,Chrome 112.0.0.0,1920x1200,1920x1089,,Debrief-Auditory,2,Practice Good,Practice Good,BA,BA,AP-SD,,,,,No,change-type-challenge,2
4,1682185213576,22/04/2023 17:40:13,1682185041773,-4,22/04/2023 13:37:21,127771,5,questionnaire-5dfn,,29035057,BLIND,8646819,,complete,,,computer,Desktop or Laptop,Windows 10,Chrome 112.0.0.0,1920x1200,1920x1089,,Debrief-Auditory,2,Practice Good,Practice Good,BA,BA,AP-SD,,,,,No,strategy,"compare relative note changes for pitch, group two syllables together and remember three 2-syllable words"
5,1682185213576,22/04/2023 17:40:13,1682185041773,-4,22/04/2023 13:37:21,127771,5,questionnaire-5dfn,,29035057,BLIND,8646819,,complete,,,computer,Desktop or Laptop,Windows 10,Chrome 112.0.0.0,1920x1200,1920x1089,,Debrief-Auditory,2,Practice Good,Practice Good,BA,BA,AP-SD,,,,,No,END QUESTIONNAIRE,47806
1,1682178106003,22/04/2023 15:41:46,1682177934273,-4,22/04/2023 11:38:54,127771,5,questionnaire-5dfn,,29033856,BLIND,8646410,,complete,,,computer,Desktop or Laptop,Windows 10,Chrome 112.0.0.0,1920x1200,1920x1089,,Debrief-Auditory,2,,,,,SD-AP,Practice Good,BA,Practice Good,BA,No,BEGIN QUESTIONNAIRE,
2,1682178159115,22/04/2023 15:42:39,1682177987465,-4,22/04/2023 11:39:47,127771,5,questionnaire-5dfn,,29033856,BLIND,8646410,,complete,,,computer,Desktop or Laptop,Windows 10,Chrome 112.0.0.0,1920x1200,1920x1089,,Debrief-Auditory,2,,,,,SD-AP,Practice Good,BA,Practice Good,BA,No,attention,3
3,1682178159248,22/04/2023 15:42:39,1682177987466,-4,22/04/2023 11:39:47,127771,5,questionnaire-5dfn,,29033856,BLIND,8646410,,complete,,,computer,Desktop or Laptop,Windows 10,Chrome 112.0.0.0,1920x1200,1920x1089,,Debrief-Auditory,2,,,,,SD-AP,Practice Good,BA,Practice Good,BA,No,change-type-challenge,1
4,1682178159248,22/04/2023 15:42:39,1682177987466,-4,22/04/2023 11:39:47,127771,5,questionnaire-5dfn,,29033856,BLIND,8646410,,complete,,,computer,Desktop or Laptop,Windows 10,Chrome 112.0.0.0,1920x1200,1920x1089,,Debrief-Auditory,2,,,,,SD-AP,Practice Good,BA,Practice Good,BA,No,strategy,I was trying to remember the tunes / words in my head and kind of sing them to myself but it was really hard to do
5,1682178159248,22/04/2023 15:42:39,1682177987466,-4,22/04/2023 11:39:47,127771,5,questionnaire-5dfn,,29033856,BLIND,8646410,,complete,,,computer,Desktop or Laptop,Windows 10,Chrome 112.0.0.0,1920x1200,1920x1089,,Debrief-Auditory,2,,,,,SD-AP,Practice Good,BA,Practice Good,BA,No,END QUESTIONNAIRE,53193
1,1682173249496,22/04/2023 14:20:49,1682173077832,-4,22/04/2023 10:17:57,127771,5,questionnaire-5dfn,,29032815,BLIND,8645704,,complete,,,computer,Desktop or Laptop,Windows 10,Chrome 112.0.0.0,1920x1200,1920x1089,,Debrief-Auditory,2,Practice Good,Practice Good,AB,AB,AP-SD,,,,,No,BEGIN QUESTIONNAIRE,
2,1682173288598,22/04/2023 14:21:28,1682173116837,-4,22/04/2023 10:18:36,127771,5,questionnaire-5dfn,,29032815,BLIND,8645704,,complete,,,computer,Desktop or Laptop,Windows 10,Chrome 112.0.0.0,1920x1200,1920x1089,,Debrief-Auditory,2,Practice Good,Practice Good,AB,AB,AP-SD,,,,,No,attention,5
3,1682173288706,22/04/2023 14:21:28,1682173116838,-4,22/04/2023 10:18:36,127771,5,questionnaire-5dfn,,29032815,BLIND,8645704,,complete,,,computer,Desktop or Laptop,Windows 10,Chrome 112.0.0.0,1920x1200,1920x1089,,Debrief-Auditory,2,Practice Good,Practice Good,AB,AB,AP-SD,,,,,No,change-type-challenge,4
4,1682173288706,22/04/2023 14:21:28,1682173116838,-4,22/04/2023 10:18:36,127771,5,questionnaire-5dfn,,29032815,BLIND,8645704,,complete,,,computer,Desktop or Laptop,Windows 10,Chrome 112.0.0.0,1920x1200,1920x1089,,Debrief-Auditory,2,Practice Good,Practice Good,AB,AB,AP-SD,,,,,No,strategy,Just trying to repeat the sounds in my head as I heard them and then compare to the last syllable heard.
5,1682173288706,22/04/2023 14:21:28,1682173116838,-4,22/04/2023 10:18:36,127771,5,questionnaire-5dfn,,29032815,BLIND,8645704,,complete,,,computer,Desktop or Laptop,Windows 10,Chrome 112.0.0.0,1920x1200,1920x1089,,Debrief-Auditory,2,Practice Good,Practice Good,AB,AB,AP-SD,,,,,No,END QUESTIONNAIRE,39006
1,1682091792122,21/04/2023 15:43:12,1682091621685,-4,21/04/2023 11:40:21,127771,5,questionnaire-5dfn,,29018311,BLIND,8641588,,complete,,,computer,Desktop or Laptop,Windows 10,Chrome 112.0.0.0,1920x1200,1920x1089,,Debrief-Auditory,2,Practice Good,Practice Good,AB,AB,AP-SD,,,,,No,BEGIN QUESTIONNAIRE,
2,1682091829363,21/04/2023 15:43:49,1682091658973,-4,21/04/2023 11:40:58,127771,5,questionnaire-5dfn,,29018311,BLIND,8641588,,complete,,,computer,Desktop or Laptop,Windows 10,Chrome 112.0.0.0,1920x1200,1920x1089,,Debrief-Auditory,2,Practice Good,Practice Good,AB,AB,AP-SD,,,,,No,attention,3
3,1682091829499,21/04/2023 15:43:49,1682091658973,-4,21/04/2023 11:40:58,127771,5,questionnaire-5dfn,,29018311,BLIND,8641588,,complete,,,computer,Desktop or Laptop,Windows 10,Chrome 112.0.0.0,1920x1200,1920x1089,,Debrief-Auditory,2,Practice Good,Practice Good,AB,AB,AP-SD,,,,,No,change-type-challenge,2
4,1682091829499,21/04/2023 15:43:49,1682091658973,-4,21/04/2023 11:40:58,127771,5,questionnaire-5dfn,,29018311,BLIND,8641588,,complete,,,computer,Desktop or Laptop,Windows 10,Chrome 112.0.0.0,1920x1200,1920x1089,,Debrief-Auditory,2,Practice Good,Practice Good,AB,AB,AP-SD,,,,,No,strategy,I tried to repeat what I was hearing at first in my head.
5,1682091829499,21/04/2023 15:43:49,1682091658973,-4,21/04/2023 11:40:58,127771,5,questionnaire-5dfn,,29018311,BLIND,8641588,,complete,,,computer,Desktop or Laptop,Windows 10,Chrome 112.0.0.0,1920x1200,1920x1089,,Debrief-Auditory,2,Practice Good,Practice Good,AB,AB,AP-SD,,,,,No,END QUESTIONNAIRE,37288
1,1681918986029,19/04/2023 15:43:06,1681918816594,-4,19/04/2023 11:40:16,127771,5,questionnaire-5dfn,,28969655,BLIND,8627700,,complete,,,computer,Desktop or Laptop,Windows 10,Chrome 112.0.0.0,1920x1200,1920x1089,,Debrief-Auditory,2,Practice Bad,Practice Bad,AB,AB,AP-SD,,,,,No,BEGIN QUESTIONNAIRE,
2,1681919029428,19/04/2023 15:43:49,1681918860074,-4,19/04/2023 11:41:00,127771,5,questionnaire-5dfn,,28969655,BLIND,8627700,,complete,,,computer,Desktop or Laptop,Windows 10,Chrome 112.0.0.0,1920x1200,1920x1089,,Debrief-Auditory,2,Practice Bad,Practice Bad,AB,AB,AP-SD,,,,,No,attention,2
3,1681919029568,19/04/2023 15:43:49,1681918860075,-4,19/04/2023 11:41:00,127771,5,questionnaire-5dfn,,28969655,BLIND,8627700,,complete,,,computer,Desktop or Laptop,Windows 10,Chrome 112.0.0.0,1920x1200,1920x1089,,Debrief-Auditory,2,Practice Bad,Practice Bad,AB,AB,AP-SD,,,,,No,change-type-challenge,2
4,1681919029568,19/04/2023 15:43:49,1681918860075,-4,19/04/2023 11:41:00,127771,5,questionnaire-5dfn,,28969655,BLIND,8627700,,complete,,,computer,Desktop or Laptop,Windows 10,Chrome 112.0.0.0,1920x1200,1920x1089,,Debrief-Auditory,2,Practice Bad,Practice Bad,AB,AB,AP-SD,,,,,No,strategy,the g d and b ky on the keyboard to keep track of the first sylable and trying to sing the intervals for pitches
5,1681919029568,19/04/2023 15:43:49,1681918860075,-4,19/04/2023 11:41:00,127771,5,questionnaire-5dfn,,28969655,BLIND,8627700,,complete,,,computer,Desktop or Laptop,Windows 10,Chrome 112.0.0.0,1920x1200,1920x1089,,Debrief-Auditory,2,Practice Bad,Practice Bad,AB,AB,AP-SD,,,,,No,END QUESTIONNAIRE,43481
1,1681856581317,18/04/2023 22:23:01,1681856411926,-4,18/04/2023 18:20:11,127771,5,questionnaire-5dfn,,28951781,BLIND,8622265,,complete,,,computer,Desktop or Laptop,Windows 10,Chrome 112.0.0.0,1920x1200,1920x1089,,Debrief-Auditory,2,,,,,SD-AP,Practice Good,BA,Practice Good,BA,No,BEGIN QUESTIONNAIRE,
2,1681856635322,18/04/2023 22:23:55,1681856465993,-4,18/04/2023 18:21:05,127771,5,questionnaire-5dfn,,28951781,BLIND,8622265,,complete,,,computer,Desktop or Laptop,Windows 10,Chrome 112.0.0.0,1920x1200,1920x1089,,Debrief-Auditory,2,,,,,SD-AP,Practice Good,BA,Practice Good,BA,No,attention,3
3,1681856635473,18/04/2023 22:23:55,1681856465994,-4,18/04/2023 18:21:05,127771,5,questionnaire-5dfn,,28951781,BLIND,8622265,,complete,,,computer,Desktop or Laptop,Windows 10,Chrome 112.0.0.0,1920x1200,1920x1089,,Debrief-Auditory,2,,,,,SD-AP,Practice Good,BA,Practice Good,BA,No,change-type-challenge,2
4,1681856635473,18/04/2023 22:23:55,1681856465994,-4,18/04/2023 18:21:05,127771,5,questionnaire-5dfn,,28951781,BLIND,8622265,,complete,,,computer,Desktop or Laptop,Windows 10,Chrome 112.0.0.0,1920x1200,1920x1089,,Debrief-Auditory,2,,,,,SD-AP,Practice Good,BA,Practice Good,BA,No,strategy,I tried to repeat them in my head or whisper/mouth them out loud to remember
5,1681856635473,18/04/2023 22:23:55,1681856465995,-4,18/04/2023 18:21:05,127771,5,questionnaire-5dfn,,28951781,BLIND,8622265,,complete,,,computer,Desktop or Laptop,Windows 10,Chrome 112.0.0.0,1920x1200,1920x1089,,Debrief-Auditory,2,,,,,SD-AP,Practice Good,BA,Practice Good,BA,No,END QUESTIONNAIRE,54069
1,1681827463112,18/04/2023 14:17:43,1681827293925,-4,18/04/2023 10:14:53,127771,5,questionnaire-5dfn,,28940920,BLIND,8618163,,complete,,,computer,Desktop or Laptop,Windows 10,Chrome 112.0.0.0,1920x1200,1920x1089,,Debrief-Auditory,2,,,,,SD-AP,Practice Good,AB,Practice Good,AB,No,BEGIN QUESTIONNAIRE,
2,1681827549707,18/04/2023 14:19:09,1681827380497,-4,18/04/2023 10:16:20,127771,5,questionnaire-5dfn,,28940920,BLIND,8618163,,complete,,,computer,Desktop or Laptop,Windows 10,Chrome 112.0.0.0,1920x1200,1920x1089,,Debrief-Auditory,2,,,,,SD-AP,Practice Good,AB,Practice Good,AB,No,attention,3
3,1681827549829,18/04/2023 14:19:09,1681827380498,-4,18/04/2023 10:16:20,127771,5,questionnaire-5dfn,,28940920,BLIND,8618163,,complete,,,computer,Desktop or Laptop,Windows 10,Chrome 112.0.0.0,1920x1200,1920x1089,,Debrief-Auditory,2,,,,,SD-AP,Practice Good,AB,Practice Good,AB,No,change-type-challenge,2
4,1681827549829,18/04/2023 14:19:09,1681827380498,-4,18/04/2023 10:16:20,127771,5,questionnaire-5dfn,,28940920,BLIND,8618163,,complete,,,computer,Desktop or Laptop,Windows 10,Chrome 112.0.0.0,1920x1200,1920x1089,,Debrief-Auditory,2,,,,,SD-AP,Practice Good,AB,Practice Good,AB,No,strategy,Repeating words/melody in my head right after hearing it
5,1681827549829,18/04/2023 14:19:09,1681827380499,-4,18/04/2023 10:16:20,127771,5,questionnaire-5dfn,,28940920,BLIND,8618163,,complete,,,computer,Desktop or Laptop,Windows 10,Chrome 112.0.0.0,1920x1200,1920x1089,,Debrief-Auditory,2,,,,,SD-AP,Practice Good,AB,Practice Good,AB,No,END QUESTIONNAIRE,86574
END OF FILE
